Date,PlateID,N_Germinated,N_Whitish
2025-03-05,16,2,
2025-03-05,1,0,
2025-03-05,2,0,
2025-03-05,3,0,
2025-03-05,4,0,
2025-03-05,5,0,
2025-03-05,6,0,
2025-03-05,7,0,
2025-03-05,8,0,
2025-03-05,9,0,
2025-03-05,10,0,
2025-03-05,11,0,
2025-03-05,12,0,
2025-03-05,13,0,
2025-03-05,14,0,
2025-03-05,15,0,
2025-03-05,17,0,
2025-03-05,18,0,
2025-03-05,19,0,
2025-03-05,20,0,
2025-03-05,21,0,
2025-03-05,22,0,
2025-03-05,23,0,
2025-03-05,24,0,
2025-03-05,25,0,
2025-03-05,26,0,
2025-03-05,27,0,
2025-03-05,28,0,
2025-03-05,29,0,
2025-03-05,30,0,
2025-03-05,31,0,
2025-03-05,32,0,
2025-03-05,33,0,
2025-03-05,34,0,
2025-03-05,35,0,
2025-03-05,36,0,
2025-03-05,37,0,
2025-03-05,38,0,
2025-03-05,39,0,
2025-03-05,40,0,
2025-03-05,41,0,
2025-03-05,42,0,
2025-03-05,43,0,
2025-03-05,44,0,
2025-03-05,45,0,
2025-03-05,46,0,
2025-03-05,47,0,
2025-03-05,48,0,
2025-03-05,49,0,
2025-03-05,50,0,
2025-03-05,51,0,
2025-03-05,52,0,
2025-03-05,53,0,
2025-03-05,54,0,
2025-03-05,55,0,
2025-03-05,56,0,
2025-03-05,57,0,
2025-03-05,58,0,
2025-03-05,59,0,
2025-03-05,60,0,
2025-03-05,61,0,
2025-03-05,62,0,
2025-03-05,63,0,
2025-03-05,64,0,
2025-03-05,65,0,
2025-03-05,66,0,
2025-03-05,67,0,
2025-03-05,68,0,
2025-03-05,69,0,
2025-03-05,70,0,
2025-03-05,71,0,
2025-03-05,72,0,
2025-03-06,1,1,
2025-03-06,2,1,
2025-03-06,3,0,
2025-03-06,4,0,
2025-03-06,5,0,
2025-03-06,6,0,
2025-03-06,7,0,
2025-03-06,8,0,
2025-03-06,9,0,
2025-03-06,10,0,
2025-03-06,11,0,
2025-03-06,12,0,
2025-03-06,13,0,
2025-03-06,14,1,
2025-03-06,15,3,
2025-03-06,16,3,
2025-03-06,17,0,
2025-03-06,18,0,
2025-03-06,19,1,
2025-03-06,20,0,
2025-03-06,21,1,
2025-03-06,22,0,
2025-03-06,23,0,
2025-03-06,24,0,
2025-03-06,25,0,
2025-03-06,26,0,
2025-03-06,27,0,
2025-03-06,28,0,
2025-03-06,29,0,
2025-03-06,30,0,
2025-03-06,31,0,
2025-03-06,32,0,
2025-03-06,33,0,
2025-03-06,34,0,
2025-03-06,35,0,
2025-03-06,36,0,
2025-03-06,37,0,
2025-03-06,38,0,
2025-03-06,39,0,
2025-03-06,40,0,
2025-03-06,41,0,
2025-03-06,42,0,
2025-03-06,43,0,
2025-03-06,44,0,
2025-03-06,45,0,
2025-03-06,46,0,
2025-03-06,47,0,
2025-03-06,48,0,
2025-03-06,49,0,
2025-03-06,50,0,
2025-03-06,51,0,
2025-03-06,52,0,
2025-03-06,53,0,
2025-03-06,54,0,
2025-03-06,55,0,
2025-03-06,56,0,
2025-03-06,57,0,
2025-03-06,58,0,
2025-03-06,59,0,
2025-03-06,60,0,
2025-03-06,61,0,
2025-03-06,62,0,
2025-03-06,63,0,
2025-03-06,64,0,
2025-03-06,65,0,
2025-03-06,66,0,
2025-03-06,67,0,
2025-03-06,68,0,
2025-03-06,69,0,
2025-03-06,70,0,
2025-03-06,71,0,
2025-03-06,72,0,
2025-03-07,8,2,
2025-03-07,7,1,
2025-03-07,19,2,
2025-03-07,2,3,
2025-03-07,43,0,
2025-03-07,37,0,
2025-03-07,29,0,
2025-03-07,13,0,
2025-03-07,20,0,
2025-03-07,48,0,
2025-03-07,4,0,
2025-03-07,45,0,
2025-03-07,25,0,
2025-03-07,23,0,
2025-03-07,36,0,
2025-03-07,56,0,
2025-03-07,51,0,
2025-03-07,55,0,
2025-03-07,65,0,
2025-03-07,49,0,
2025-03-07,27,0,
2025-03-07,41,0,
2025-03-07,67,0,
2025-03-07,3,2,
2025-03-07,22,3,
2025-03-07,21,4,
2025-03-07,18,1,
2025-03-07,16,6,
2025-03-07,61,0,
2025-03-07,26,0,
2025-03-07,34,1,
2025-03-07,40,0,
2025-03-07,70,0,
2025-03-07,6,1,
2025-03-07,12,3,
2025-03-07,5,0,
2025-03-07,47,0,
2025-03-07,11,1,
2025-03-07,68,0,
2025-03-07,44,1,
2025-03-07,28,0,
2025-03-07,63,0,
2025-03-07,59,0,
2025-03-07,72,0,
2025-03-07,24,0,
2025-03-07,1,2,
2025-03-07,46,1,
2025-03-07,52,0,
2025-03-07,50,0,
2025-03-07,38,0,
2025-03-07,66,0,
2025-03-07,9,1,
2025-03-07,17,0,
2025-03-07,57,0,
2025-03-07,64,1,
2025-03-07,32,0,
2025-03-07,60,1,
2025-03-07,30,0,
2025-03-07,31,0,
2025-03-07,53,0,
2025-03-07,35,0,
2025-03-07,71,0,
2025-03-07,10,2,
2025-03-07,15,5,
2025-03-07,69,0,
2025-03-07,58,0,
2025-03-07,62,0,
2025-03-07,39,0,
2025-03-07,54,0,
2025-03-07,42,0,
2025-03-07,33,0,
2025-03-07,14,2,
2025-03-10,8,9,
2025-03-10,7,5,
2025-03-10,43,1,
2025-03-10,37,1,
2025-03-10,29,0,
2025-03-10,13,8,
2025-03-10,19,7,
2025-03-10,2,7,
2025-03-10,20,3,
2025-03-10,48,0,
2025-03-10,4,8,
2025-03-10,45,0,
2025-03-10,25,0,
2025-03-10,23,11,
2025-03-10,36,0,
2025-03-10,56,0,
2025-03-10,51,0,
2025-03-10,55,0,
2025-03-10,65,0,
2025-03-10,49,1,
2025-03-10,27,0,
2025-03-10,41,2,
2025-03-10,67,0,
2025-03-10,3,5,
2025-03-10,22,8,
2025-03-10,21,12,
2025-03-10,18,4,
2025-03-10,16,12,
2025-03-10,61,0,
2025-03-10,26,0,
2025-03-10,34,3,
2025-03-10,40,1,
2025-03-10,70,0,
2025-03-10,6,8,
2025-03-10,12,9,
2025-03-10,5,7,
2025-03-10,47,2,
2025-03-10,11,12,
2025-03-10,68,1,
2025-03-10,44,1,
2025-03-10,28,0,
2025-03-10,63,1,
2025-03-10,59,0,
2025-03-10,72,0,
2025-03-10,24,6,
2025-03-10,1,9,
2025-03-10,46,3,
2025-03-10,52,0,
2025-03-10,50,0,
2025-03-10,38,3,
2025-03-10,66,1,
2025-03-10,9,8,
2025-03-10,17,9,
2025-03-10,57,1,
2025-03-10,64,3,
2025-03-10,32,2,
2025-03-10,60,0,
2025-03-10,30,0,
2025-03-10,31,1,
2025-03-10,53,0,
2025-03-10,35,6,
2025-03-10,71,0,
2025-03-10,10,10,
2025-03-10,15,11,
2025-03-10,69,0,
2025-03-10,58,0,
2025-03-10,62,3,
2025-03-10,39,3,
2025-03-10,54,2,
2025-03-10,42,4,
2025-03-10,33,2,
2025-03-10,14,9,
2025-03-11,8,9,
2025-03-11,7,5,
2025-03-11,43,1,
2025-03-11,37,4,
2025-03-11,29,0,
2025-03-11,13,10,
2025-03-11,19,7,
2025-03-11,2,9,
2025-03-11,20,6,
2025-03-11,48,1,
2025-03-11,4,8,
2025-03-11,45,0,
2025-03-11,25,0,
2025-03-11,23,13,
2025-03-11,36,2,
2025-03-11,56,2,
2025-03-11,51,1,
2025-03-11,55,0,
2025-03-11,65,1,
2025-03-11,49,2,
2025-03-11,27,0,
2025-03-11,41,3,
2025-03-11,67,0,
2025-03-11,3,9,
2025-03-11,22,12,
2025-03-11,21,15,
2025-03-11,18,6,
2025-03-11,16,13,
2025-03-11,61,1,
2025-03-11,26,0,
2025-03-11,34,5,
2025-03-11,40,4,
2025-03-11,70,0,
2025-03-11,6,9,
2025-03-11,12,10,
2025-03-11,5,10,
2025-03-11,47,2,
2025-03-11,11,12,
2025-03-11,68,1,
2025-03-11,44,1,
2025-03-11,28,0,
2025-03-11,63,2,
2025-03-11,59,0,
2025-03-11,72,0,
2025-03-11,24,7,
2025-03-11,1,10,
2025-03-11,46,5,
2025-03-11,52,0,
2025-03-11,50,1,
2025-03-11,38,6,
2025-03-11,66,2,
2025-03-11,9,10,
2025-03-11,17,12,
2025-03-11,57,2,
2025-03-11,64,3,
2025-03-11,32,4,
2025-03-11,60,2,
2025-03-11,30,0,
2025-03-11,31,3,
2025-03-11,53,1,
2025-03-11,35,9,
2025-03-11,71,1,
2025-03-11,10,13,
2025-03-11,15,12,
2025-03-11,69,1,
2025-03-11,58,1,
2025-03-11,62,3,
2025-03-11,39,8,
2025-03-11,54,3,
2025-03-11,42,4,
2025-03-11,33,2,
2025-03-11,14,10,
2025-03-12,8,9,
2025-03-12,7,5,
2025-03-12,43,5,
2025-03-12,37,6,
2025-03-12,29,2,
2025-03-12,13,10,
2025-03-12,19,9,
2025-03-12,2,9,
2025-03-12,20,11,
2025-03-12,48,2,
2025-03-12,4,10,
2025-03-12,45,0,
2025-03-12,25,0,
2025-03-12,23,14,
2025-03-12,36,4,
2025-03-12,56,2,
2025-03-12,51,1,
2025-03-12,55,3,
2025-03-12,65,2,
2025-03-12,49,3,
2025-03-12,27,0,
2025-03-12,41,5,
2025-03-12,67,1,
2025-03-12,3,11,
2025-03-12,22,13,
2025-03-12,21,15,
2025-03-12,18,8,
2025-03-12,16,13,
2025-03-12,61,2,
2025-03-12,26,0,
2025-03-12,34,6,
2025-03-12,40,6,
2025-03-12,70,1,
2025-03-12,6,13,
2025-03-12,12,12,
2025-03-12,5,10,
2025-03-12,47,5,
2025-03-12,11,12,
2025-03-12,68,1,
2025-03-12,44,2,
2025-03-12,28,0,
2025-03-12,63,2,
2025-03-12,59,1,
2025-03-12,72,1,
2025-03-12,24,12,
2025-03-12,1,11,
2025-03-12,46,6,
2025-03-12,52,1,
2025-03-12,50,1,
2025-03-12,38,7,
2025-03-12,66,3,
2025-03-12,9,10,
2025-03-12,17,12,
2025-03-12,57,2,
2025-03-12,64,3,
2025-03-12,32,4,
2025-03-12,60,3,
2025-03-12,30,0,
2025-03-12,31,5,
2025-03-12,53,2,
2025-03-12,35,12,
2025-03-12,71,4,
2025-03-12,10,13,
2025-03-12,15,12,
2025-03-12,69,2,
2025-03-12,58,3,
2025-03-12,62,3,
2025-03-12,39,9,
2025-03-12,54,3,
2025-03-12,42,6,
2025-03-12,33,5,
2025-03-12,14,10,
2025-03-12,138,1,
2025-03-12,82,0,
2025-03-12,105,0,
2025-03-12,103,0,
2025-03-12,87,0,
2025-03-12,120,0,
2025-03-12,119,0,
2025-03-12,97,0,
2025-03-12,136,0,
2025-03-12,110,0,
2025-03-12,117,0,
2025-03-12,123,0,
2025-03-12,106,0,
2025-03-12,115,0,
2025-03-12,100,0,
2025-03-12,84,0,
2025-03-12,80,0,
2025-03-12,91,0,
2025-03-12,108,0,
2025-03-12,116,0,
2025-03-12,118,0,
2025-03-12,83,0,
2025-03-12,94,0,
2025-03-12,131,0,
2025-03-12,89,0,
2025-03-12,124,0,
2025-03-12,95,0,
2025-03-12,141,0,
2025-03-12,85,0,
2025-03-12,90,0,
2025-03-12,109,0,
2025-03-12,96,0,
2025-03-12,133,0,
2025-03-12,143,0,
2025-03-12,127,0,
2025-03-12,102,0,
2025-03-12,125,0,
2025-03-12,101,0,
2025-03-12,73,0,
2025-03-12,76,0,
2025-03-12,130,0,
2025-03-12,126,0,
2025-03-12,92,0,
2025-03-12,98,0,
2025-03-12,93,0,
2025-03-12,128,0,
2025-03-12,144,0,
2025-03-12,104,0,
2025-03-12,134,0,
2025-03-12,81,0,
2025-03-12,107,0,
2025-03-12,137,0,
2025-03-12,140,0,
2025-03-12,113,0,
2025-03-12,88,0,
2025-03-12,79,0,
2025-03-12,111,0,
2025-03-12,122,0,
2025-03-12,129,0,
2025-03-12,142,0,
2025-03-12,121,0,
2025-03-12,75,0,
2025-03-12,139,0,
2025-03-12,114,0,
2025-03-12,135,0,
2025-03-12,77,0,
2025-03-12,78,0,
2025-03-12,99,0,
2025-03-12,86,0,
2025-03-12,132,0,
2025-03-12,112,0,
2025-03-12,74,0,
2025-03-13,8,9,
2025-03-13,7,5,
2025-03-13,43,6,
2025-03-13,37,8,
2025-03-13,29,2,
2025-03-13,13,12,
2025-03-13,19,11,
2025-03-13,2,11,
2025-03-13,20,12,
2025-03-13,48,7,
2025-03-13,4,12,
2025-03-13,45,3,
2025-03-13,25,1,
2025-03-13,23,15,
2025-03-13,36,8,
2025-03-13,56,2,
2025-03-13,51,1,
2025-03-13,55,3,
2025-03-13,65,7,
2025-03-13,49,3,
2025-03-13,27,1,
2025-03-13,41,5,
2025-03-13,67,1,
2025-03-13,3,12,
2025-03-13,22,13,
2025-03-13,21,15,
2025-03-13,18,10,
2025-03-13,16,13,
2025-03-13,61,3,
2025-03-13,26,0,
2025-03-13,34,7,
2025-03-13,40,9,
2025-03-13,70,4,
2025-03-13,6,13,
2025-03-13,12,12,
2025-03-13,5,12,
2025-03-13,47,9,
2025-03-13,11,13,
2025-03-13,68,4,
2025-03-13,44,4,
2025-03-13,28,2,
2025-03-13,63,2,
2025-03-13,59,1,
2025-03-13,72,5,
2025-03-13,24,13,
2025-03-13,1,11,
2025-03-13,46,9,
2025-03-13,52,2,
2025-03-13,50,2,
2025-03-13,38,8,
2025-03-13,66,4,
2025-03-13,9,10,
2025-03-13,17,14,
2025-03-13,57,2,
2025-03-13,64,3,
2025-03-13,32,4,
2025-03-13,60,4,
2025-03-13,30,2,
2025-03-13,31,6,
2025-03-13,53,3,
2025-03-13,35,13,
2025-03-13,71,7,
2025-03-13,10,14,
2025-03-13,15,12,
2025-03-13,69,5,
2025-03-13,58,5,
2025-03-13,62,5,
2025-03-13,39,10,
2025-03-13,54,3,
2025-03-13,42,7,
2025-03-13,33,6,
2025-03-13,14,12,
2025-03-13,138,1,
2025-03-13,94,1,
2025-03-13,140,1,
2025-03-13,73,0,
2025-03-13,74,0,
2025-03-13,75,0,
2025-03-13,76,0,
2025-03-13,77,0,
2025-03-13,78,0,
2025-03-13,79,0,
2025-03-13,80,0,
2025-03-13,81,0,
2025-03-13,82,0,
2025-03-13,83,0,
2025-03-13,84,0,
2025-03-13,85,0,
2025-03-13,86,0,
2025-03-13,87,0,
2025-03-13,88,0,
2025-03-13,89,0,
2025-03-13,90,0,
2025-03-13,91,0,
2025-03-13,92,0,
2025-03-13,93,0,
2025-03-13,95,0,
2025-03-13,96,0,
2025-03-13,97,0,
2025-03-13,98,0,
2025-03-13,99,0,
2025-03-13,100,0,
2025-03-13,101,0,
2025-03-13,102,0,
2025-03-13,103,0,
2025-03-13,104,0,
2025-03-13,105,0,
2025-03-13,106,0,
2025-03-13,107,0,
2025-03-13,108,0,
2025-03-13,109,0,
2025-03-13,110,0,
2025-03-13,111,0,
2025-03-13,112,0,
2025-03-13,113,0,
2025-03-13,114,0,
2025-03-13,115,0,
2025-03-13,116,0,
2025-03-13,117,0,
2025-03-13,118,0,
2025-03-13,119,0,
2025-03-13,120,0,
2025-03-13,121,0,
2025-03-13,122,0,
2025-03-13,123,0,
2025-03-13,124,0,
2025-03-13,125,0,
2025-03-13,126,0,
2025-03-13,127,0,
2025-03-13,128,0,
2025-03-13,129,0,
2025-03-13,130,0,
2025-03-13,131,0,
2025-03-13,132,0,
2025-03-13,133,0,
2025-03-13,134,0,
2025-03-13,135,0,
2025-03-13,136,0,
2025-03-13,137,0,
2025-03-13,139,0,
2025-03-13,141,0,
2025-03-13,142,0,
2025-03-13,143,0,
2025-03-13,144,0,
2025-03-14,8,9,
2025-03-14,7,5,
2025-03-14,43,7,
2025-03-14,37,9,
2025-03-14,29,2,
2025-03-14,13,12,
2025-03-14,19,13,
2025-03-14,2,12,
2025-03-14,20,12,
2025-03-14,48,8,
2025-03-14,4,12,
2025-03-14,45,3,
2025-03-14,25,1,
2025-03-14,23,15,
2025-03-14,36,8,
2025-03-14,56,2,
2025-03-14,51,1,
2025-03-14,55,4,
2025-03-14,65,8,
2025-03-14,49,3,
2025-03-14,27,1,
2025-03-14,41,8,
2025-03-14,67,2,
2025-03-14,3,12,
2025-03-14,22,14,
2025-03-14,21,15,
2025-03-14,18,11,
2025-03-14,16,13,
2025-03-14,61,6,
2025-03-14,26,1,
2025-03-14,34,8,
2025-03-14,40,11,
2025-03-14,70,4,
2025-03-14,6,14,
2025-03-14,12,13,
2025-03-14,5,12,
2025-03-14,47,10,
2025-03-14,11,13,
2025-03-14,68,5,
2025-03-14,44,5,
2025-03-14,28,2,
2025-03-14,63,2,
2025-03-14,59,2,
2025-03-14,72,7,
2025-03-14,24,13,
2025-03-14,1,11,
2025-03-14,46,10,
2025-03-14,52,3,
2025-03-14,50,4,
2025-03-14,38,10,
2025-03-14,66,5,
2025-03-14,9,10,
2025-03-14,17,14,
2025-03-14,57,3,
2025-03-14,64,5,
2025-03-14,32,6,
2025-03-14,60,4,
2025-03-14,30,2,
2025-03-14,31,7,
2025-03-14,53,3,
2025-03-14,35,13,
2025-03-14,71,8,
2025-03-14,10,14,
2025-03-14,15,12,
2025-03-14,69,5,
2025-03-14,58,5,
2025-03-14,62,5,
2025-03-14,39,11,
2025-03-14,54,3,
2025-03-14,42,7,
2025-03-14,33,10,
2025-03-14,14,12,
2025-03-14,136,2,
2025-03-14,138,1,
2025-03-14,94,1,
2025-03-14,133,1,
2025-03-14,76,1,
2025-03-14,134,1,
2025-03-14,107,1,
2025-03-14,137,1,
2025-03-14,140,2,
2025-03-14,79,1,
2025-03-14,132,1,
2025-03-14,73,0,
2025-03-14,74,0,
2025-03-14,75,0,
2025-03-14,77,0,
2025-03-14,78,0,
2025-03-14,80,0,
2025-03-14,81,0,
2025-03-14,82,0,
2025-03-14,83,0,
2025-03-14,84,0,
2025-03-14,85,0,
2025-03-14,86,0,
2025-03-14,87,0,
2025-03-14,88,0,
2025-03-14,89,0,
2025-03-14,90,0,
2025-03-14,91,0,
2025-03-14,92,0,
2025-03-14,93,0,
2025-03-14,95,0,
2025-03-14,96,0,
2025-03-14,97,0,
2025-03-14,98,0,
2025-03-14,99,0,
2025-03-14,100,0,
2025-03-14,101,0,
2025-03-14,102,0,
2025-03-14,103,0,
2025-03-14,104,0,
2025-03-14,105,0,
2025-03-14,106,0,
2025-03-14,108,0,
2025-03-14,109,0,
2025-03-14,110,0,
2025-03-14,111,0,
2025-03-14,112,0,
2025-03-14,113,0,
2025-03-14,114,0,
2025-03-14,115,0,
2025-03-14,116,0,
2025-03-14,117,0,
2025-03-14,118,0,
2025-03-14,119,0,
2025-03-14,120,0,
2025-03-14,121,0,
2025-03-14,122,0,
2025-03-14,123,0,
2025-03-14,124,0,
2025-03-14,125,0,
2025-03-14,126,0,
2025-03-14,127,0,
2025-03-14,128,0,
2025-03-14,129,0,
2025-03-14,130,0,
2025-03-14,131,0,
2025-03-14,135,0,
2025-03-14,139,0,
2025-03-14,141,0,
2025-03-14,142,0,
2025-03-14,143,0,
2025-03-14,144,0,
2025-03-17,8,9,
2025-03-17,7,5,
2025-03-17,43,11,
2025-03-17,37,10,
2025-03-17,29,3,
2025-03-17,13,13,
2025-03-17,19,13,
2025-03-17,2,12,
2025-03-17,20,13,
2025-03-17,48,11,
2025-03-17,4,12,
2025-03-17,45,7,
2025-03-17,25,3,
2025-03-17,23,15,
2025-03-17,36,11,
2025-03-17,56,3,
2025-03-17,51,2,
2025-03-17,55,5,
2025-03-17,65,9,
2025-03-17,49,6,
2025-03-17,27,1,
2025-03-17,41,11,
2025-03-17,67,5,
2025-03-17,3,12,
2025-03-17,22,14,
2025-03-17,21,15,
2025-03-17,18,11,
2025-03-17,16,13,
2025-03-17,61,7,
2025-03-17,26,2,
2025-03-17,34,10,
2025-03-17,40,13,
2025-03-17,70,6,
2025-03-17,6,14,
2025-03-17,12,13,
2025-03-17,5,14,
2025-03-17,47,10,
2025-03-17,11,13,
2025-03-17,68,6,
2025-03-17,44,6,
2025-03-17,28,4,
2025-03-17,63,2,
2025-03-17,59,4,
2025-03-17,72,8,
2025-03-17,24,14,
2025-03-17,1,11,
2025-03-17,46,11,
2025-03-17,52,3,
2025-03-17,50,4,
2025-03-17,38,12,
2025-03-17,66,6,
2025-03-17,9,10,
2025-03-17,17,14,
2025-03-17,57,5,
2025-03-17,64,6,
2025-03-17,32,8,
2025-03-17,60,6,
2025-03-17,30,2,
2025-03-17,31,8,
2025-03-17,53,6,
2025-03-17,35,13,
2025-03-17,71,8,
2025-03-17,10,14,
2025-03-17,15,12,
2025-03-17,69,5,
2025-03-17,58,5,
2025-03-17,62,5,
2025-03-17,39,11,
2025-03-17,54,4,
2025-03-17,42,7,
2025-03-17,33,10,
2025-03-17,14,12,
2025-03-17,82,2,
2025-03-17,105,3,
2025-03-17,103,1,
2025-03-17,87,1,
2025-03-17,120,3,
2025-03-17,119,1,
2025-03-17,97,0,
2025-03-17,136,3,
2025-03-17,110,1,
2025-03-17,138,2,
2025-03-17,117,0,
2025-03-17,123,1,
2025-03-17,106,3,
2025-03-17,115,2,
2025-03-17,100,1,
2025-03-17,84,1,
2025-03-17,80,0,
2025-03-17,91,1,
2025-03-17,108,2,
2025-03-17,116,2,
2025-03-17,118,3,
2025-03-17,83,3,
2025-03-17,94,2,
2025-03-17,131,4,
2025-03-17,89,4,
2025-03-17,124,5,
2025-03-17,95,3,
2025-03-17,141,2,
2025-03-17,85,2,
2025-03-17,90,0,
2025-03-17,109,2,
2025-03-17,96,2,
2025-03-17,133,4,
2025-03-17,143,2,
2025-03-17,127,5,
2025-03-17,102,1,
2025-03-17,125,4,
2025-03-17,101,0,
2025-03-17,73,0,
2025-03-17,76,1,
2025-03-17,130,7,
2025-03-17,126,1,
2025-03-17,92,4,
2025-03-17,98,4,
2025-03-17,93,4,
2025-03-17,128,5,
2025-03-17,144,2,
2025-03-17,104,2,
2025-03-17,134,4,
2025-03-17,81,1,
2025-03-17,107,2,
2025-03-17,137,6,
2025-03-17,140,3,
2025-03-17,113,4,
2025-03-17,88,3,
2025-03-17,79,3,
2025-03-17,111,5,
2025-03-17,122,3,
2025-03-17,129,8,
2025-03-17,142,4,
2025-03-17,121,6,
2025-03-17,75,1,
2025-03-17,139,4,
2025-03-17,114,4,
2025-03-17,135,8,
2025-03-17,77,1,
2025-03-17,78,2,
2025-03-17,99,0,
2025-03-17,86,4,
2025-03-17,132,6,
2025-03-17,112,2,
2025-03-17,74,2,
2025-03-18,8,9,
2025-03-18,7,5,
2025-03-18,43,11,
2025-03-18,37,11,
2025-03-18,29,3,
2025-03-18,13,13,
2025-03-18,19,14,
2025-03-18,2,12,
2025-03-18,20,13,
2025-03-18,48,12,
2025-03-18,4,12,
2025-03-18,45,7,
2025-03-18,25,4,
2025-03-18,23,15,
2025-03-18,36,13,
2025-03-18,56,3,
2025-03-18,51,2,
2025-03-18,55,5,
2025-03-18,65,11,
2025-03-18,49,6,
2025-03-18,27,1,
2025-03-18,41,13,
2025-03-18,67,7,
2025-03-18,3,12,
2025-03-18,22,14,
2025-03-18,21,15,
2025-03-18,18,12,
2025-03-18,16,13,
2025-03-18,61,8,
2025-03-18,26,3,
2025-03-18,34,10,
2025-03-18,40,13,
2025-03-18,70,6,
2025-03-18,6,14,
2025-03-18,12,13,
2025-03-18,5,14,
2025-03-18,47,10,
2025-03-18,11,13,
2025-03-18,68,6,
2025-03-18,44,6,
2025-03-18,28,5,
2025-03-18,63,2,
2025-03-18,59,5,
2025-03-18,72,8,
2025-03-18,24,15,
2025-03-18,1,11,
2025-03-18,46,11,
2025-03-18,52,3,
2025-03-18,50,7,
2025-03-18,38,13,
2025-03-18,66,8,
2025-03-18,9,10,
2025-03-18,17,15,
2025-03-18,57,5,
2025-03-18,64,8,
2025-03-18,32,8,
2025-03-18,60,7,
2025-03-18,30,3,
2025-03-18,31,8,
2025-03-18,53,6,
2025-03-18,35,13,
2025-03-18,71,8,
2025-03-18,10,14,
2025-03-18,15,12,
2025-03-18,69,5,
2025-03-18,58,5,
2025-03-18,62,5,
2025-03-18,39,11,
2025-03-18,54,5,
2025-03-18,42,7,
2025-03-18,33,10,
2025-03-18,14,12,
2025-03-18,82,5,
2025-03-18,105,3,
2025-03-18,103,3,
2025-03-18,87,4,
2025-03-18,120,3,
2025-03-18,119,2,
2025-03-18,97,0,
2025-03-18,136,6,
2025-03-18,110,2,
2025-03-18,138,3,
2025-03-18,117,1,
2025-03-18,123,2,
2025-03-18,106,4,
2025-03-18,115,3,
2025-03-18,100,4,
2025-03-18,84,3,
2025-03-18,80,2,
2025-03-18,91,4,
2025-03-18,108,3,
2025-03-18,116,4,
2025-03-18,118,5,
2025-03-18,83,5,
2025-03-18,94,2,
2025-03-18,131,9,
2025-03-18,89,8,
2025-03-18,124,9,
2025-03-18,95,4,
2025-03-18,141,4,
2025-03-18,85,5,
2025-03-18,90,2,
2025-03-18,109,4,
2025-03-18,96,4,
2025-03-18,133,6,
2025-03-18,143,6,
2025-03-18,127,8,
2025-03-18,102,2,
2025-03-18,125,9,
2025-03-18,101,1,
2025-03-18,73,2,
2025-03-18,76,3,
2025-03-18,130,10,
2025-03-18,126,4,
2025-03-18,92,7,
2025-03-18,98,7,
2025-03-18,93,8,
2025-03-18,128,10,
2025-03-18,144,4,
2025-03-18,104,4,
2025-03-18,134,4,
2025-03-18,81,2,
2025-03-18,107,2,
2025-03-18,137,7,
2025-03-18,140,3,
2025-03-18,113,5,
2025-03-18,88,5,
2025-03-18,79,3,
2025-03-18,111,7,
2025-03-18,122,5,
2025-03-18,129,10,
2025-03-18,142,7,
2025-03-18,121,11,
2025-03-18,75,1,
2025-03-18,139,6,
2025-03-18,114,7,
2025-03-18,135,10,
2025-03-18,77,3,
2025-03-18,78,3,
2025-03-18,99,2,
2025-03-18,86,5,
2025-03-18,132,10,
2025-03-18,112,5,
2025-03-18,74,3,
2025-03-19,8,9,
2025-03-19,7,5,
2025-03-19,43,13,
2025-03-19,37,12,
2025-03-19,29,4,
2025-03-19,13,13,
2025-03-19,19,14,
2025-03-19,2,12,
2025-03-19,20,13,
2025-03-19,48,12,
2025-03-19,4,12,
2025-03-19,45,7,
2025-03-19,25,4,
2025-03-19,23,15,
2025-03-19,36,13,
2025-03-19,56,3,
2025-03-19,51,3,
2025-03-19,55,5,
2025-03-19,65,11,
2025-03-19,49,6,
2025-03-19,27,1,
2025-03-19,41,13,
2025-03-19,67,7,
2025-03-19,3,12,
2025-03-19,22,14,
2025-03-19,21,15,
2025-03-19,18,12,
2025-03-19,16,13,
2025-03-19,61,8,
2025-03-19,26,3,
2025-03-19,34,10,
2025-03-19,40,13,
2025-03-19,70,6,
2025-03-19,6,14,
2025-03-19,12,13,
2025-03-19,5,14,
2025-03-19,47,10,
2025-03-19,11,13,
2025-03-19,68,6,
2025-03-19,44,6,
2025-03-19,28,5,
2025-03-19,63,2,
2025-03-19,59,5,
2025-03-19,72,8,
2025-03-19,24,15,
2025-03-19,1,11,
2025-03-19,46,11,
2025-03-19,52,3,
2025-03-19,50,7,
2025-03-19,38,13,
2025-03-19,66,8,
2025-03-19,9,10,
2025-03-19,17,15,
2025-03-19,57,5,
2025-03-19,64,8,
2025-03-19,32,8,
2025-03-19,60,7,
2025-03-19,30,3,
2025-03-19,31,8,
2025-03-19,53,7,
2025-03-19,35,13,
2025-03-19,71,8,
2025-03-19,10,14,
2025-03-19,15,12,
2025-03-19,69,5,
2025-03-19,58,5,
2025-03-19,62,5,
2025-03-19,39,11,
2025-03-19,54,5,
2025-03-19,42,7,
2025-03-19,33,10,
2025-03-19,14,12,
2025-03-19,82,6,
2025-03-19,105,5,
2025-03-19,103,3,
2025-03-19,87,5,
2025-03-19,120,5,
2025-03-19,119,4,
2025-03-19,97,1,
2025-03-19,136,6,
2025-03-19,110,3,
2025-03-19,138,5,
2025-03-19,117,2,
2025-03-19,123,3,
2025-03-19,106,6,
2025-03-19,115,5,
2025-03-19,100,5,
2025-03-19,84,3,
2025-03-19,80,3,
2025-03-19,91,6,
2025-03-19,108,3,
2025-03-19,116,5,
2025-03-19,118,7,
2025-03-19,83,5,
2025-03-19,94,6,
2025-03-19,131,9,
2025-03-19,89,8,
2025-03-19,124,9,
2025-03-19,95,5,
2025-03-19,141,8,
2025-03-19,85,5,
2025-03-19,90,2,
2025-03-19,109,7,
2025-03-19,96,5,
2025-03-19,133,9,
2025-03-19,143,6,
2025-03-19,127,10,
2025-03-19,102,2,
2025-03-19,125,10,
2025-03-19,101,2,
2025-03-19,73,3,
2025-03-19,76,3,
2025-03-19,130,10,
2025-03-19,126,7,
2025-03-19,92,7,
2025-03-19,98,7,
2025-03-19,93,8,
2025-03-19,128,10,
2025-03-19,144,6,
2025-03-19,104,4,
2025-03-19,134,4,
2025-03-19,81,3,
2025-03-19,107,3,
2025-03-19,137,7,
2025-03-19,140,4,
2025-03-19,113,6,
2025-03-19,88,6,
2025-03-19,79,3,
2025-03-19,111,8,
2025-03-19,122,6,
2025-03-19,129,11,
2025-03-19,142,9,
2025-03-19,121,11,
2025-03-19,75,4,
2025-03-19,139,8,
2025-03-19,114,8,
2025-03-19,135,11,
2025-03-19,77,4,
2025-03-19,78,4,
2025-03-19,99,2,
2025-03-19,86,5,
2025-03-19,132,10,
2025-03-19,112,6,
2025-03-19,74,5,
2025-03-20,8,9,
2025-03-20,7,5,
2025-03-20,43,13,
2025-03-20,37,13,
2025-03-20,29,4,
2025-03-20,13,13,
2025-03-20,19,14,
2025-03-20,2,12,
2025-03-20,20,13,
2025-03-20,48,12,
2025-03-20,4,12,
2025-03-20,45,7,
2025-03-20,25,5,
2025-03-20,23,15,
2025-03-20,36,13,
2025-03-20,56,3,
2025-03-20,51,3,
2025-03-20,55,5,
2025-03-20,65,12,
2025-03-20,49,6,
2025-03-20,27,2,
2025-03-20,41,13,
2025-03-20,67,7,
2025-03-20,3,12,
2025-03-20,22,14,
2025-03-20,21,15,
2025-03-20,18,12,
2025-03-20,16,13,
2025-03-20,61,8,
2025-03-20,26,3,
2025-03-20,34,9,
2025-03-20,40,13,
2025-03-20,70,6,
2025-03-20,6,14,
2025-03-20,12,13,
2025-03-20,5,14,
2025-03-20,47,10,
2025-03-20,11,14,
2025-03-20,68,7,
2025-03-20,44,6,
2025-03-20,28,5,
2025-03-20,63,2,
2025-03-20,59,5,
2025-03-20,72,8,
2025-03-20,24,15,
2025-03-20,1,11,
2025-03-20,46,12,
2025-03-20,52,3,
2025-03-20,50,7,
2025-03-20,38,13,
2025-03-20,66,8,
2025-03-20,9,10,
2025-03-20,17,15,
2025-03-20,57,5,
2025-03-20,64,8,
2025-03-20,32,8,
2025-03-20,60,7,
2025-03-20,30,3,
2025-03-20,31,8,
2025-03-20,53,7,
2025-03-20,35,13,
2025-03-20,71,8,
2025-03-20,10,14,
2025-03-20,15,12,
2025-03-20,69,5,
2025-03-20,58,5,
2025-03-20,62,7,
2025-03-20,62,5,
2025-03-20,39,11,
2025-03-20,54,5,
2025-03-20,42,7,
2025-03-20,33,11,
2025-03-20,14,12,
2025-03-20,82,7,
2025-03-20,105,5,
2025-03-20,103,3,
2025-03-20,87,6,
2025-03-20,120,5,
2025-03-20,119,7,
2025-03-20,97,2,
2025-03-20,136,6,
2025-03-20,110,6,
2025-03-20,138,8,
2025-03-20,117,3,
2025-03-20,123,5,
2025-03-20,106,7,
2025-03-20,115,8,
2025-03-20,100,5,
2025-03-20,84,5,
2025-03-20,80,4,
2025-03-20,91,7,
2025-03-20,108,4,
2025-03-20,116,7,
2025-03-20,118,7,
2025-03-20,83,8,
2025-03-20,94,6,
2025-03-20,131,10,
2025-03-20,89,10,
2025-03-20,124,9,
2025-03-20,95,6,
2025-03-20,141,8,
2025-03-20,85,8,
2025-03-20,90,4,
2025-03-20,109,9,
2025-03-20,96,6,
2025-03-20,133,9,
2025-03-20,143,6,
2025-03-20,127,11,
2025-03-20,102,3,
2025-03-20,125,10,
2025-03-20,101,3,
2025-03-20,73,4,
2025-03-20,76,4,
2025-03-20,130,10,
2025-03-20,126,8,
2025-03-20,92,9,
2025-03-20,98,7,
2025-03-20,93,9,
2025-03-20,128,10,
2025-03-20,144,6,
2025-03-20,104,6,
2025-03-20,134,4,
2025-03-20,81,4,
2025-03-20,107,3,
2025-03-20,137,7,
2025-03-20,140,4,
2025-03-20,113,7,
2025-03-20,88,7,
2025-03-20,79,5,
2025-03-20,111,10,
2025-03-20,122,6,
2025-03-20,129,3,
2025-03-20,142,9,
2025-03-20,121,13,
2025-03-20,75,5,
2025-03-20,139,8,
2025-03-20,114,9,
2025-03-20,135,11,
2025-03-20,77,7,
2025-03-20,78,4,
2025-03-20,99,4,
2025-03-20,86,8,
2025-03-20,132,11,
2025-03-20,112,6,
2025-03-20,74,5,
2025-03-21,12,13,0
2025-03-21,11,15,0
2025-03-21,10,14,1
2025-03-21,9,10,3
2025-03-21,16,13,3
2025-03-21,15,12,1
2025-03-21,14,12,0
2025-03-21,13,13,0
2025-03-21,4,12,3
2025-03-21,3,12,1
2025-03-21,2,13,0
2025-03-21,1,11,4
2025-03-21,8,9,2
2025-03-21,7,5,9
2025-03-21,6,14,1
2025-03-21,5,14,0
2025-03-21,20,13,0
2025-03-21,19,14,1
2025-03-21,18,12,0
2025-03-21,17,15,0
2025-03-21,24,15,0
2025-03-21,23,15,0
2025-03-21,22,15,0
2025-03-21,21,15,0
2025-03-21,28,5,0
2025-03-21,27,2,0
2025-03-21,26,3,0
2025-03-21,25,5,0
2025-03-21,32,8,2
2025-03-21,31,8,1
2025-03-21,30,3,0
2025-03-21,29,4,0
2025-03-21,36,13,0
2025-03-21,35,13,1
2025-03-21,34,9,3
2025-03-21,33,11,1
2025-03-21,40,13,2
2025-03-21,39,11,2
2025-03-21,38,13,1
2025-03-21,37,13,0
2025-03-21,44,6,3
2025-03-21,43,14,0
2025-03-21,42,7,5
2025-03-21,41,14,0
2025-03-21,48,12,1
2025-03-21,47,10,2
2025-03-21,46,12,2
2025-03-21,45,7,2
2025-03-21,52,6,0
2025-03-21,51,3,1
2025-03-21,50,7,0
2025-03-21,49,6,2
2025-03-21,56,3,2
2025-03-21,55,5,1
2025-03-21,54,5,1
2025-03-21,53,7,1
2025-03-21,60,7,1
2025-03-21,59,7,0
2025-03-21,58,5,3
2025-03-21,57,5,2
2025-03-21,64,8,1
2025-03-21,63,2,3
2025-03-21,62,3,2
2025-03-21,61,9,1
2025-03-21,68,8,2
2025-03-21,67,7,3
2025-03-21,66,8,1
2025-03-21,65,12,1
2025-03-21,72,8,3
2025-03-21,71,8,3
2025-03-21,70,6,2
2025-03-21,69,5,0
2025-03-21,82,9,
2025-03-21,105,7,
2025-03-21,103,4,
2025-03-21,87,8,
2025-03-21,120,7,
2025-03-21,119,7,
2025-03-21,97,4,
2025-03-21,136,6,
2025-03-21,110,10,
2025-03-21,138,8,
2025-03-21,117,5,
2025-03-21,123,6,
2025-03-21,106,7,
2025-03-21,115,9,
2025-03-21,100,6,
2025-03-21,84,8,
2025-03-21,80,8,
2025-03-21,91,8,
2025-03-21,108,5,
2025-03-21,116,7,
2025-03-21,118,7,
2025-03-21,83,9,
2025-03-21,94,7,
2025-03-21,131,10,
2025-03-21,89,11,
2025-03-21,124,9,
2025-03-21,95,7,
2025-03-21,141,9,
2025-03-21,85,11,
2025-03-21,90,7,
2025-03-21,109,9,
2025-03-21,96,7,
2025-03-21,133,9,
2025-03-21,143,6,
2025-03-21,127,11,
2025-03-21,102,4,
2025-03-21,125,10,
2025-03-21,101,3,
2025-03-21,73,4,
2025-03-21,76,5,
2025-03-21,130,10,
2025-03-21,126,8,
2025-03-21,92,9,
2025-03-21,98,7,
2025-03-21,93,9,
2025-03-21,128,10,
2025-03-21,144,8,
2025-03-21,104,6,
2025-03-21,134,4,
2025-03-21,81,4,
2025-03-21,107,4,
2025-03-21,137,7,
2025-03-21,140,4,
2025-03-21,113,7,
2025-03-21,88,7,
2025-03-21,79,5,
2025-03-21,111,10,
2025-03-21,122,7,
2025-03-21,129,10,
2025-03-21,142,9,
2025-03-21,121,13,
2025-03-21,75,5,
2025-03-21,139,8,
2025-03-21,114,10,
2025-03-21,135,12,
2025-03-21,77,8,
2025-03-21,78,4,
2025-03-21,99,4,
2025-03-21,86,8,
2025-03-21,132,11,
2025-03-21,112,6,
2025-03-21,74,6,
2025-03-25,82,10,
2025-03-25,105,8,
2025-03-25,103,8,
2025-03-25,87,8,
2025-03-25,120,10,
2025-03-25,119,10,
2025-03-25,97,5,
2025-03-25,136,6,
2025-03-25,110,12,
2025-03-25,138,10,
2025-03-25,117,10,
2025-03-25,123,8,
2025-03-25,109,11,
2025-03-25,96,8,
2025-03-25,133,9,
2025-03-25,143,6,
2025-03-25,127,11,
2025-03-25,102,8,
2025-03-25,108,8,
2025-03-25,116,12,
2025-03-25,118,8,
2025-03-25,83,10,
2025-03-25,94,9,
2025-03-25,131,10,
2025-03-25,89,11,
2025-03-25,124,9,
2025-03-25,95,11,
2025-03-25,141,9,
2025-03-25,85,12,
2025-03-25,90,13,
2025-03-25,106,8,
2025-03-25,115,12,
2025-03-25,100,7,
2025-03-25,84,10,
2025-03-25,80,8,
2025-03-25,91,11,
2025-03-25,92,12,
2025-03-25,98,11,
2025-03-25,93,11,
2025-03-25,128,10,
2025-03-25,144,9,
2025-03-25,104,8,
2025-03-25,125,10,
2025-03-25,101,6,
2025-03-25,73,8,
2025-03-25,76,7,
2025-03-25,130,10,
2025-03-25,126,8,
2025-03-25,88,9,
2025-03-25,79,10,
2025-03-25,111,13,
2025-03-25,122,7,
2025-03-25,129,10,
2025-03-25,142,9,
2025-03-25,134,4,
2025-03-25,81,8,
2025-03-25,107,6,
2025-03-25,137,7,
2025-03-25,140,4,
2025-03-25,113,13,
2025-03-25,121,13,
2025-03-25,75,8,
2025-03-25,139,8,
2025-03-25,114,13,
2025-03-25,135,13,
2025-03-25,77,8,
2025-03-25,78,4,
2025-03-25,99,6,
2025-03-25,86,10,
2025-03-25,132,13,
2025-03-25,112,11,
2025-03-25,74,10,
2025-03-26,89,11,
2025-03-26,124,9,
2025-03-26,95,11,
2025-03-26,141,9,
2025-03-26,85,13,
2025-03-26,90,13,
2025-03-26,108,10,
2025-03-26,116,13,
2025-03-26,118,10,
2025-03-26,83,11,
2025-03-26,94,9,
2025-03-26,131,12,
2025-03-26,82,10,
2025-03-26,105,10,
2025-03-26,103,8,
2025-03-26,87,8,
2025-03-26,120,13,
2025-03-26,119,11,
2025-03-26,109,11,
2025-03-26,96,8,
2025-03-26,133,9,
2025-03-26,143,6,
2025-03-26,127,11,
2025-03-26,102,10,
2025-03-26,106,11,
2025-03-26,115,13,
2025-03-26,100,9,
2025-03-26,84,12,
2025-03-26,80,9,
2025-03-26,91,11,
2025-03-26,97,6,
2025-03-26,136,6,
2025-03-26,110,12,
2025-03-26,138,10,
2025-03-26,117,10,
2025-03-26,123,9,
2025-03-26,125,10,
2025-03-26,101,6,
2025-03-26,73,9,
2025-03-26,76,8,
2025-03-26,130,10,
2025-03-26,126,8,
2025-03-26,92,12,
2025-03-26,98,11,
2025-03-26,93,11,
2025-03-26,128,10,
2025-03-26,144,9,
2025-03-26,104,10,
2025-03-26,88,9,
2025-03-26,79,10,
2025-03-26,111,13,
2025-03-26,122,7,
2025-03-26,129,10,
2025-03-26,142,9,
2025-03-26,134,4,
2025-03-26,81,8,
2025-03-26,107,6,
2025-03-26,137,7,
2025-03-26,140,4,
2025-03-26,113,13,
2025-03-26,78,4,
2025-03-26,99,6,
2025-03-26,86,10,
2025-03-26,132,13,
2025-03-26,112,12,
2025-03-26,74,10,
2025-03-26,121,13,
2025-03-26,75,8,
2025-03-26,139,8,
2025-03-26,114,13,
2025-03-26,135,13,
2025-03-26,77,9,
2025-03-27,106,11,
2025-03-27,115,14,
2025-03-27,100,9,
2025-03-27,84,12,
2025-03-27,80,9,
2025-03-27,91,11,
2025-03-27,89,11,
2025-03-27,124,9,
2025-03-27,95,11,
2025-03-27,141,9,
2025-03-27,85,13,
2025-03-27,90,13,
2025-03-27,109,11,
2025-03-27,96,8,
2025-03-27,133,9,
2025-03-27,143,6,
2025-03-27,127,11,
2025-03-27,102,10,
2025-03-27,82,10,
2025-03-27,105,11,
2025-03-27,103,8,
2025-03-27,87,8,
2025-03-27,120,13,
2025-03-27,119,12,
2025-03-27,108,10,
2025-03-27,116,14,
2025-03-27,118,10,
2025-03-27,83,11,
2025-03-27,94,9,
2025-03-27,131,12,
2025-03-27,97,6,
2025-03-27,136,6,
2025-03-27,110,12,
2025-03-27,138,10,
2025-03-27,117,10,
2025-03-27,123,9,
2025-03-27,134,4,
2025-03-27,81,8,
2025-03-27,107,6,
2025-03-27,137,7,
2025-03-27,140,4,
2025-03-27,113,14,
2025-03-27,121,13,
2025-03-27,75,8,
2025-03-27,139,8,
2025-03-27,114,13,
2025-03-27,135,13,
2025-03-27,77,10,
2025-03-27,78,4,
2025-03-27,99,6,
2025-03-27,86,10,
2025-03-27,132,14,
2025-03-27,112,12,
2025-03-27,74,11,
2025-03-27,125,10,
2025-03-27,101,6,
2025-03-27,73,9,
2025-03-27,76,8,
2025-03-27,130,10,
2025-03-27,126,8,
2025-03-27,88,9,
2025-03-27,79,10,
2025-03-27,111,13,
2025-03-27,122,7,
2025-03-27,129,10,
2025-03-27,142,9,
2025-03-27,92,12,
2025-03-27,98,12,
2025-03-27,93,11,
2025-03-27,128,10,
2025-03-27,144,9,
2025-03-27,104,10,
2025-03-28,73,9,2
2025-03-28,74,11,1
2025-03-28,75,8,1
2025-03-28,76,8,1
2025-03-28,77,10,1
2025-03-28,78,4,4
2025-03-28,79,10,1
2025-03-28,80,9,1
2025-03-28,81,8,2
2025-03-28,82,10,1
2025-03-28,83,10,2
2025-03-28,84,13,0
2025-03-28,85,13,2
2025-03-28,86,10,2
2025-03-28,87,8,4
2025-03-28,88,9,2
2025-03-28,89,11,4
2025-03-28,90,13,1
2025-03-28,91,11,4
2025-03-28,92,12,1
2025-03-28,93,11,2
2025-03-28,94,9,5
2025-03-28,95,11,2
2025-03-28,96,8,4
2025-03-28,97,6,1
2025-03-28,98,12,0
2025-03-28,99,6,0
2025-03-28,100,9,2
2025-03-28,101,6,1
2025-03-28,102,11,0
2025-03-28,103,8,1
2025-03-28,104,10,1
2025-03-28,105,11,1
2025-03-28,106,11,2
2025-03-28,107,6,1
2025-03-28,108,10,2
2025-03-28,109,11,4
2025-03-28,110,12,0
2025-03-28,111,13,1
2025-03-28,112,12,1
2025-03-28,113,15,0
2025-03-28,114,13,0
2025-03-28,115,14,0
2025-03-28,116,14,0
2025-03-28,117,10,3
2025-03-28,118,10,2
2025-03-28,119,12,1
2025-03-28,120,13,1
2025-03-28,121,13,2
2025-03-28,122,7,4
2025-03-28,123,10,2
2025-03-28,124,9,3
2025-03-28,125,10,4
2025-03-28,126,8,3
2025-03-28,127,11,4
2025-03-28,128,10,3
2025-03-28,129,10,5
2025-03-28,130,10,5
2025-03-28,131,12,2
2025-03-28,132,14,0
2025-03-28,133,9,4
2025-03-28,134,4,9
2025-03-28,135,13,1
2025-03-28,136,6,8
2025-03-28,137,7,7
2025-03-28,138,10,2
2025-03-28,139,8,5
2025-03-28,140,4,8
2025-03-28,141,9,5
2025-03-28,142,9,3
2025-03-28,143,6,7
2025-03-28,144,9,5
2025-04-09,160,1,0
2025-04-09,158,1,0
2025-04-09,155,1,0
2025-04-09,164,1,1
2025-04-09,178,1,0
2025-04-09,182,0,1
2025-04-09,145,0,0
2025-04-09,146,0,0
2025-04-09,147,0,0
2025-04-09,148,0,0
2025-04-09,149,0,0
2025-04-09,150,0,0
2025-04-09,151,0,0
2025-04-09,152,0,0
2025-04-09,153,0,0
2025-04-09,154,0,0
2025-04-09,156,0,0
2025-04-09,157,0,0
2025-04-09,159,0,0
2025-04-09,161,0,0
2025-04-09,162,0,0
2025-04-09,163,0,0
2025-04-09,165,0,0
2025-04-09,166,0,0
2025-04-09,167,0,0
2025-04-09,168,0,0
2025-04-09,169,0,0
2025-04-09,170,0,0
2025-04-09,171,0,0
2025-04-09,172,0,0
2025-04-09,173,0,0
2025-04-09,174,0,0
2025-04-09,175,0,0
2025-04-09,176,0,0
2025-04-09,177,0,0
2025-04-09,179,0,0
2025-04-09,180,0,0
2025-04-09,181,0,0
2025-04-09,183,0,0
2025-04-09,184,0,0
2025-04-09,185,0,0
2025-04-09,186,0,0
2025-04-09,187,0,0
2025-04-09,188,0,0
2025-04-09,189,0,0
2025-04-09,190,0,0
2025-04-09,191,0,0
2025-04-09,192,0,0
2025-04-09,193,0,0
2025-04-09,194,0,0
2025-04-09,195,0,0
2025-04-09,196,0,0
2025-04-09,197,0,0
2025-04-09,198,0,0
2025-04-09,199,0,0
2025-04-09,200,0,0
2025-04-09,201,0,0
2025-04-09,202,0,0
2025-04-09,203,0,0
2025-04-09,204,0,0
2025-04-09,205,0,0
2025-04-09,206,0,0
2025-04-09,207,0,0
2025-04-09,208,0,0
2025-04-09,209,0,0
2025-04-09,210,0,0
2025-04-09,211,0,0
2025-04-09,212,0,0
2025-04-09,213,0,0
2025-04-09,214,0,0
2025-04-09,215,0,0
2025-04-09,216,0,0
2025-04-10,145,0,0
2025-04-10,146,2,0
2025-04-10,147,1,0
2025-04-10,148,0,0
2025-04-10,149,0,0
2025-04-10,150,0,0
2025-04-10,151,0,0
2025-04-10,152,0,0
2025-04-10,153,1,0
2025-04-10,154,1,0
2025-04-10,155,1,0
2025-04-10,156,1,0
2025-04-10,157,0,0
2025-04-10,158,1,0
2025-04-10,159,1,0
2025-04-10,160,2,0
2025-04-10,161,1,0
2025-04-10,162,1,0
2025-04-10,163,1,0
2025-04-10,164,1,1
2025-04-10,165,0,0
2025-04-10,166,0,0
2025-04-10,167,1,0
2025-04-10,168,1,0
2025-04-10,169,0,0
2025-04-10,170,0,0
2025-04-10,171,0,0
2025-04-10,172,0,0
2025-04-10,173,0,0
2025-04-10,174,0,0
2025-04-10,175,0,0
2025-04-10,176,0,0
2025-04-10,177,0,0
2025-04-10,178,1,0
2025-04-10,179,0,0
2025-04-10,180,0,0
2025-04-10,181,0,0
2025-04-10,182,0,1
2025-04-10,183,0,0
2025-04-10,184,0,0
2025-04-10,185,0,0
2025-04-10,186,0,0
2025-04-10,187,0,0
2025-04-10,188,0,0
2025-04-10,189,0,0
2025-04-10,190,0,0
2025-04-10,191,0,0
2025-04-10,192,0,0
2025-04-10,193,0,0
2025-04-10,194,0,0
2025-04-10,195,0,0
2025-04-10,196,0,0
2025-04-10,197,0,0
2025-04-10,198,0,0
2025-04-10,199,0,0
2025-04-10,200,0,0
2025-04-10,201,0,0
2025-04-10,202,0,0
2025-04-10,203,0,0
2025-04-10,204,0,0
2025-04-10,205,0,0
2025-04-10,206,0,0
2025-04-10,207,0,0
2025-04-10,208,0,0
2025-04-10,209,0,0
2025-04-10,210,0,0
2025-04-10,211,0,0
2025-04-10,212,0,0
2025-04-10,213,0,0
2025-04-10,214,0,0
2025-04-10,215,0,0
2025-04-10,216,0,0
2025-04-12,145,0,0
2025-04-12,146,2,0
2025-04-12,147,1,0
2025-04-12,148,0,0
2025-04-12,149,1,0
2025-04-12,150,1,0
2025-04-12,151,3,0
2025-04-12,152,1,0
2025-04-12,153,3,0
2025-04-12,154,2,0
2025-04-12,155,1,0
2025-04-12,156,2,0
2025-04-12,157,2,0
2025-04-12,158,3,1
2025-04-12,159,2,0
2025-04-12,160,1,1
2025-04-12,161,6,0
2025-04-12,162,2,0
2025-04-12,163,2,0
2025-04-12,164,2,1
2025-04-12,165,2,0
2025-04-12,166,1,0
2025-04-12,167,2,0
2025-04-12,168,1,0
2025-04-12,169,0,1
2025-04-12,170,2,0
2025-04-12,171,0,0
2025-04-12,172,0,0
2025-04-12,173,0,0
2025-04-12,174,1,0
2025-04-12,175,0,0
2025-04-12,176,0,0
2025-04-12,177,0,0
2025-04-12,178,1,0
2025-04-12,179,0,0
2025-04-12,180,2,0
2025-04-12,181,0,0
2025-04-12,182,0,1
2025-04-12,183,0,0
2025-04-12,184,1,0
2025-04-12,185,0,0
2025-04-12,186,0,0
2025-04-12,187,1,0
2025-04-12,188,0,0
2025-04-12,189,1,0
2025-04-12,190,0,0
2025-04-12,191,0,0
2025-04-12,192,1,0
2025-04-12,193,0,0
2025-04-12,194,0,0
2025-04-12,195,0,0
2025-04-12,196,0,0
2025-04-12,197,0,0
2025-04-12,198,0,0
2025-04-12,199,0,0
2025-04-12,200,0,0
2025-04-12,201,0,0
2025-04-12,202,0,0
2025-04-12,203,0,0
2025-04-12,204,0,0
2025-04-12,205,0,0
2025-04-12,206,0,0
2025-04-12,207,0,0
2025-04-12,208,0,0
2025-04-12,209,0,0
2025-04-12,210,0,0
2025-04-12,211,0,0
2025-04-12,212,0,0
2025-04-12,213,0,0
2025-04-12,214,0,0
2025-04-12,215,0,0
2025-04-12,216,0,0
2025-04-14,145,1,0
2025-04-14,146,3,0
2025-04-14,147,2,0
2025-04-14,148,0,0
2025-04-14,149,2,0
2025-04-14,150,2,0
2025-04-14,151,5,0
2025-04-14,152,2,0
2025-04-14,153,6,0
2025-04-14,154,3,0
2025-04-14,155,3,0
2025-04-14,156,3,0
2025-04-14,157,6,0
2025-04-14,158,5,1
2025-04-14,159,3,0
2025-04-14,160,5,0
2025-04-14,161,8,0
2025-04-14,162,0,0
2025-04-14,163,4,0
2025-04-14,164,5,1
2025-04-14,165,2,0
2025-04-14,166,4,0
2025-04-14,167,2,0
2025-04-14,168,1,0
2025-04-14,169,2,0
2025-04-14,170,2,0
2025-04-14,171,0,0
2025-04-14,172,0,0
2025-04-14,173,2,0
2025-04-14,174,2,0
2025-04-14,175,1,0
2025-04-14,176,1,1
2025-04-14,177,4,0
2025-04-14,178,4,0
2025-04-14,179,0,0
2025-04-14,180,7,0
2025-04-14,181,2,0
2025-04-14,182,4,1
2025-04-14,183,3,0
2025-04-14,184,4,0
2025-04-14,185,5,0
2025-04-14,186,3,0
2025-04-14,187,3,0
2025-04-14,188,2,0
2025-04-14,189,3,0
2025-04-14,190,1,0
2025-04-14,191,1,0
2025-04-14,192,2,0
2025-04-14,193,0,0
2025-04-14,194,0,0
2025-04-14,195,0,0
2025-04-14,196,3,0
2025-04-14,197,1,0
2025-04-14,198,0,0
2025-04-14,199,1,0
2025-04-14,200,0,0
2025-04-14,201,0,0
2025-04-14,202,0,0
2025-04-14,203,0,0
2025-04-14,204,0,0
2025-04-14,205,0,0
2025-04-14,206,0,0
2025-04-14,207,2,0
2025-04-14,208,1,0
2025-04-14,209,0,0
2025-04-14,210,1,0
2025-04-14,211,1,0
2025-04-14,212,0,0
2025-04-14,213,2,0
2025-04-14,214,0,0
2025-04-14,215,0,0
2025-04-14,216,1,0
2025-04-15,145,1,0
2025-04-15,146,3,0
2025-04-15,147,4,0
2025-04-15,148,0,0
2025-04-15,149,3,0
2025-04-15,150,2,0
2025-04-15,151,6,0
2025-04-15,152,3,0
2025-04-15,153,8,0
2025-04-15,154,5,0
2025-04-15,155,3,0
2025-04-15,156,4,0
2025-04-15,157,6,0
2025-04-15,158,6,1
2025-04-15,159,5,1
2025-04-15,160,5,0
2025-04-15,161,10,0
2025-04-15,162,7,0
2025-04-15,163,4,0
2025-04-15,164,5,1
2025-04-15,165,2,0
2025-04-15,166,5,0
2025-04-15,167,2,0
2025-04-15,168,1,0
2025-04-15,169,2,0
2025-04-15,170,2,0
2025-04-15,171,1,0
2025-04-15,172,0,0
2025-04-15,173,2,0
2025-04-15,174,3,0
2025-04-15,175,2,0
2025-04-15,176,2,1
2025-04-15,177,0,0
2025-04-15,178,4,0
2025-04-15,179,2,0
2025-04-15,180,10,0
2025-04-15,181,2,0
2025-04-15,182,6,1
2025-04-15,183,5,0
2025-04-15,184,4,0
2025-04-15,185,6,0
2025-04-15,186,5,0
2025-04-15,187,6,0
2025-04-15,188,2,0
2025-04-15,189,4,0
2025-04-15,190,3,0
2025-04-15,191,1,0
2025-04-15,192,2,0
2025-04-15,193,0,0
2025-04-15,194,1,0
2025-04-15,195,0,0
2025-04-15,196,4,0
2025-04-15,197,3,0
2025-04-15,198,0,0
2025-04-15,199,1,0
2025-04-15,200,3,0
2025-04-15,201,0,0
2025-04-15,202,1,0
2025-04-15,203,1,0
2025-04-15,204,0,0
2025-04-15,205,0,0
2025-04-15,206,3,0
2025-04-15,207,2,0
2025-04-15,208,1,0
2025-04-15,209,4,0
2025-04-15,210,1,0
2025-04-15,211,2,0
2025-04-15,212,4,0
2025-04-15,213,2,0
2025-04-15,214,1,0
2025-04-15,215,2,0
2025-04-15,216,1,0
2025-04-16,145,2,0
2025-04-16,146,3,0
2025-04-16,147,6,0
2025-04-16,148,1,0
2025-04-16,149,4,0
2025-04-16,150,3,0
2025-04-16,151,7,0
2025-04-16,152,4,0
2025-04-16,153,9,0
2025-04-16,154,5,0
2025-04-16,155,3,0
2025-04-16,156,4,0
2025-04-16,157,7,0
2025-04-16,158,7,1
2025-04-16,159,5,1
2025-04-16,160,5,0
2025-04-16,161,11,0
2025-04-16,162,7,0
2025-04-16,163,5,0
2025-04-16,164,7,1
2025-04-16,165,1,1
2025-04-16,166,7,0
2025-04-16,167,2,0
2025-04-16,168,2,0
2025-04-16,169,2,0
2025-04-16,170,2,0
2025-04-16,171,1,0
2025-04-16,172,3,0
2025-04-16,173,2,0
2025-04-16,174,5,0
2025-04-16,175,2,0
2025-04-16,176,2,0
2025-04-16,177,4,0
2025-04-16,178,6,0
2025-04-16,179,3,0
2025-04-16,180,10,0
2025-04-16,181,3,0
2025-04-16,182,6,1
2025-04-16,183,6,0
2025-04-16,184,5,0
2025-04-16,185,0,0
2025-04-16,186,12,0
2025-04-16,187,0,0
2025-04-16,188,4,0
2025-04-16,189,5,0
2025-04-16,190,6,0
2025-04-16,191,2,0
2025-04-16,192,6,0
2025-04-16,193,1,0
2025-04-16,194,1,0
2025-04-16,195,1,0
2025-04-16,196,7,0
2025-04-16,197,5,0
2025-04-16,198,3,0
2025-04-16,199,2,0
2025-04-16,200,7,0
2025-04-16,201,2,0
2025-04-16,202,2,0
2025-04-16,203,1,0
2025-04-16,204,0,0
2025-04-16,205,2,0
2025-04-16,206,3,0
2025-04-16,207,0,0
2025-04-16,208,4,0
2025-04-16,209,6,0
2025-04-16,210,4,0
2025-04-16,211,3,0
2025-04-16,212,6,0
2025-04-16,213,5,0
2025-04-16,214,3,0
2025-04-16,215,2,0
2025-04-16,216,3,0
2025-04-16,217,0,0
2025-04-16,218,0,0
2025-04-16,219,0,0
2025-04-16,220,0,0
2025-04-16,221,0,0
2025-04-16,222,1,0
2025-04-16,223,0,0
2025-04-16,224,0,0
2025-04-16,225,0,0
2025-04-16,226,0,0
2025-04-16,227,0,0
2025-04-16,228,0,0
2025-04-16,229,0,0
2025-04-16,230,0,0
2025-04-16,231,0,0
2025-04-16,232,0,0
2025-04-16,233,0,0
2025-04-16,234,0,0
2025-04-16,235,0,0
2025-04-16,236,0,0
2025-04-16,237,0,0
2025-04-16,238,0,0
2025-04-16,239,0,0
2025-04-16,240,1,0
2025-04-16,241,0,0
2025-04-16,242,0,0
2025-04-16,243,0,0
2025-04-16,244,0,0
2025-04-16,245,0,0
2025-04-16,246,0,0
2025-04-16,247,0,0
2025-04-16,248,0,0
2025-04-16,249,1,0
2025-04-16,250,0,0
2025-04-16,251,0,0
2025-04-16,252,0,0
2025-04-16,253,0,0
2025-04-16,254,0,0
2025-04-16,255,0,0
2025-04-16,256,0,0
2025-04-16,257,0,0
2025-04-16,258,0,0
2025-04-16,259,0,0
2025-04-16,260,0,0
2025-04-16,261,0,0
2025-04-16,262,0,0
2025-04-16,263,0,0
2025-04-16,264,0,0
2025-04-16,265,0,0
2025-04-16,266,0,0
2025-04-16,267,0,0
2025-04-16,268,0,0
2025-04-16,269,1,0
2025-04-16,270,1,0
2025-04-16,271,1,0
2025-04-16,272,0,0
2025-04-16,273,0,0
2025-04-16,274,1,0
2025-04-16,275,0,0
2025-04-16,276,0,0
2025-04-16,277,0,0
2025-04-16,278,0,0
2025-04-16,279,0,0
2025-04-16,280,0,0
2025-04-16,281,0,0
2025-04-16,282,0,0
2025-04-16,283,0,0
2025-04-16,284,0,0
2025-04-16,285,0,0
2025-04-16,286,0,0
2025-04-16,287,0,0
2025-04-16,288,0,0
2025-04-17,145,2,0
2025-04-17,146,3,0
2025-04-17,147,6,0
2025-04-17,148,1,0
2025-04-17,149,4,0
2025-04-17,150,3,0
2025-04-17,151,7,0
2025-04-17,152,0,0
2025-04-17,153,12,0
2025-04-17,154,5,0
2025-04-17,155,3,0
2025-04-17,156,4,0
2025-04-17,157,7,0
2025-04-17,158,8,1
2025-04-17,159,6,0
2025-04-17,160,6,0
2025-04-17,161,11,0
2025-04-17,162,8,0
2025-04-17,163,7,0
2025-04-17,164,8,1
2025-04-17,165,1,1
2025-04-17,166,7,0
2025-04-17,167,4,0
2025-04-17,168,0,0
2025-04-17,169,3,0
2025-04-17,170,2,0
2025-04-17,171,3,0
2025-04-17,172,3,0
2025-04-17,173,3,0
2025-04-17,174,7,0
2025-04-17,175,2,0
2025-04-17,176,5,0
2025-04-17,177,6,0
2025-04-17,178,6,0
2025-04-17,179,5,0
2025-04-17,180,10,0
2025-04-17,181,3,0
2025-04-17,182,7,1
2025-04-17,183,9,0
2025-04-17,184,6,0
2025-04-17,185,7,0
2025-04-17,186,13,0
2025-04-17,187,10,0
2025-04-17,188,7,0
2025-04-17,189,6,0
2025-04-17,190,6,0
2025-04-17,191,6,0
2025-04-17,192,6,0
2025-04-17,193,4,0
2025-04-17,194,3,0
2025-04-17,195,3,0
2025-04-17,196,8,0
2025-04-17,197,5,0
2025-04-17,198,5,0
2025-04-17,199,2,0
2025-04-17,200,10,0
2025-04-17,201,3,0
2025-04-17,202,3,0
2025-04-17,203,1,0
2025-04-17,204,5,0
2025-04-17,205,6,1
2025-04-17,206,3,0
2025-04-17,207,3,0
2025-04-17,208,7,0
2025-04-17,209,9,0
2025-04-17,210,5,0
2025-04-17,211,6,0
2025-04-17,212,8,0
2025-04-17,213,5,0
2025-04-17,214,5,0
2025-04-17,215,2,0
2025-04-17,216,6,0
2025-04-17,217,0,0
2025-04-17,218,0,0
2025-04-17,219,0,0
2025-04-17,220,0,0
2025-04-17,221,1,0
2025-04-17,222,2,0
2025-04-17,223,1,0
2025-04-17,224,0,1
2025-04-17,225,0,0
2025-04-17,226,0,0
2025-04-17,227,0,0
2025-04-17,228,0,0
2025-04-17,229,0,0
2025-04-17,230,0,0
2025-04-17,231,0,0
2025-04-17,232,0,0
2025-04-17,233,1,0
2025-04-17,234,0,0
2025-04-17,235,0,0
2025-04-17,236,0,0
2025-04-17,237,0,0
2025-04-17,238,0,0
2025-04-17,239,0,0
2025-04-17,240,1,0
2025-04-17,241,0,0
2025-04-17,242,0,0
2025-04-17,243,0,0
2025-04-17,244,0,0
2025-04-17,245,0,0
2025-04-17,246,1,0
2025-04-17,247,0,0
2025-04-17,248,0,0
2025-04-17,249,0,0
2025-04-17,250,0,0
2025-04-17,251,0,0
2025-04-17,252,0,0
2025-04-17,253,0,0
2025-04-17,254,0,0
2025-04-17,255,0,0
2025-04-17,256,0,0
2025-04-17,257,0,0
2025-04-17,258,0,0
2025-04-17,259,0,0
2025-04-17,260,0,0
2025-04-17,261,0,0
2025-04-17,262,0,0
2025-04-17,263,0,0
2025-04-17,264,0,0
2025-04-17,265,1,0
2025-04-17,266,0,0
2025-04-17,267,0,0
2025-04-17,268,0,0
2025-04-17,269,1,0
2025-04-17,270,1,0
2025-04-17,271,2,0
2025-04-17,272,0,0
2025-04-17,273,,0
2025-04-17,274,2,0
2025-04-17,275,0,0
2025-04-17,276,0,0
2025-04-17,277,0,0
2025-04-17,278,0,0
2025-04-17,279,0,0
2025-04-17,280,0,0
2025-04-17,281,0,0
2025-04-17,282,0,0
2025-04-17,283,0,0
2025-04-17,284,0,0
2025-04-17,285,0,0
2025-04-17,286,0,0
2025-04-17,287,0,0
2025-04-17,288,0,0
2025-04-18,215,3,0
2025-04-18,201,4,0
2025-04-18,212,12,0
2025-04-18,170,3,0
2025-04-18,158,9,1
2025-04-18,173,3,0
2025-04-18,164,8,1
2025-04-18,189,9,0
2025-04-18,199,3,0
2025-04-18,200,10,0
2025-04-18,154,5,0
2025-04-18,193,7,0
2025-04-18,175,2,0
2025-04-18,174,7,0
2025-04-18,192,7,0
2025-04-18,183,9,0
2025-04-18,197,5,0
2025-04-18,178,7,0
2025-04-18,203,4,0
2025-04-18,184,8,0
2025-04-18,172,4,0
2025-04-18,202,5,0
2025-04-18,211,7,0
2025-04-18,159,6,1
2025-04-18,188,9,0
2025-04-18,210,8,0
2025-04-18,190,9,0
2025-04-18,160,7,0
2025-04-18,186,13,0
2025-04-18,166,8,0
2025-04-18,148,2,0
2025-04-18,168,3,0
2025-04-18,149,5,0
2025-04-18,169,3,0
2025-04-18,213,6,0
2025-04-18,150,4,0
2025-04-18,176,5,0
2025-04-18,207,4,0
2025-04-18,151,8,0
2025-04-18,155,3,0
2025-04-18,194,5,0
2025-04-18,208,10,0
2025-04-18,161,11,0
2025-04-18,209,10,0
2025-04-18,195,5,0
2025-04-18,206,6,0
2025-04-18,214,6,0
2025-04-18,157,7,0
2025-04-18,156,6,0
2025-04-18,163,7,0
2025-04-18,171,4,0
2025-04-18,162,9,0
2025-04-18,182,10,1
2025-04-18,179,5,0
2025-04-18,205,6,1
2025-04-18,165,1,1
2025-04-18,153,12,0
2025-04-18,196,8,0
2025-04-18,204,5,0
2025-04-18,180,11,0
2025-04-18,177,8,0
2025-04-18,147,6,0
2025-04-18,181,4,0
2025-04-18,198,7,0
2025-04-18,146,3,0
2025-04-18,152,6,0
2025-04-18,167,4,0
2025-04-18,185,8,0
2025-04-18,187,10,0
2025-04-18,145,3,0
2025-04-18,216,8,0
2025-04-18,191,6,0
2025-04-18,236,1,0
2025-04-18,276,1,0
2025-04-18,227,0,0
2025-04-18,259,0,0
2025-04-18,277,0,0
2025-04-18,238,0,0
2025-04-18,266,0,0
2025-04-18,249,2,0
2025-04-18,286,0,0
2025-04-18,265,1,0
2025-04-18,287,0,0
2025-04-18,223,2,0
2025-04-18,268,0,0
2025-04-18,281,0,0
2025-04-18,260,0,0
2025-04-18,263,0,0
2025-04-18,258,0,0
2025-04-18,235,1,0
2025-04-18,255,1,0
2025-04-18,285,0,0
2025-04-18,273,0,0
2025-04-18,278,0,0
2025-04-18,237,0,0
2025-04-18,228,0,0
2025-04-18,283,1,0
2025-04-18,243,1,0
2025-04-18,240,2,0
2025-04-18,247,1,0
2025-04-18,256,0,0
2025-04-18,246,1,0
2025-04-18,239,0,0
2025-04-18,225,0,0
2025-04-18,253,1,0
2025-04-18,245,0,0
2025-04-18,288,0,0
2025-04-18,270,1,0
2025-04-18,264,0,0
2025-04-18,229,0,0
2025-04-18,261,0,0
2025-04-18,224,1,1
2025-04-18,274,3,0
2025-04-18,271,2,0
2025-04-18,272,0,0
2025-04-18,218,0,0
2025-04-18,280,0,0
2025-04-18,226,0,0
2025-04-18,279,0,0
2025-04-18,241,0,0
2025-04-18,219,0,0
2025-04-18,248,0,0
2025-04-18,251,0,0
2025-04-18,242,0,0
2025-04-18,244,0,0
2025-04-18,234,0,0
2025-04-18,269,0,0
2025-04-18,233,3,0
2025-04-18,282,0,0
2025-04-18,220,2,0
2025-04-18,221,1,0
2025-04-18,222,2,0
2025-04-18,257,0,0
2025-04-18,230,1,0
2025-04-18,250,0,0
2025-04-18,231,1,0
2025-04-18,252,0,0
2025-04-18,262,0,0
2025-04-18,217,1,0
2025-04-18,254,0,0
2025-04-18,284,0,0
2025-04-18,232,0,0
2025-04-18,275,1,0
2025-04-18,267,0,0
2025-04-22,215,6,0
2025-04-22,201,8,0
2025-04-22,212,13,0
2025-04-22,170,6,0
2025-04-22,158,9,1
2025-04-22,173,3,0
2025-04-22,164,8,1
2025-04-22,189,10,0
2025-04-22,199,5,0
2025-04-22,200,13,0
2025-04-22,154,6,0
2025-04-22,193,12,0
2025-04-22,175,2,0
2025-04-22,174,7,0
2025-04-22,192,12,0
2025-04-22,183,11,0
2025-04-22,197,7,0
2025-04-22,178,9,0
2025-04-22,203,5,0
2025-04-22,184,11,0
2025-04-22,172,5,0
2025-04-22,202,8,0
2025-04-22,211,10,0
2025-04-22,159,6,0
2025-04-22,188,14,0
2025-04-22,210,11,0
2025-04-22,190,10,0
2025-04-22,160,7,0
2025-04-22,186,13,0
2025-04-22,166,8,0
2025-04-22,148,4,0
2025-04-22,168,3,0
2025-04-22,149,5,0
2025-04-22,169,6,0
2025-04-22,213,8,0
2025-04-22,150,5,0
2025-04-22,176,7,0
2025-04-22,207,9,0
2025-04-22,151,9,0
2025-04-22,155,3,1
2025-04-22,194,8,0
2025-04-22,208,14,0
2025-04-22,161,11,0
2025-04-22,209,13,0
2025-04-22,195,10,0
2025-04-22,206,12,0
2025-04-22,214,7,0
2025-04-22,157,7,0
2025-04-22,156,6,0
2025-04-22,163,7,0
2025-04-22,171,4,0
2025-04-22,162,9,0
2025-04-22,182,12,0
2025-04-22,179,5,0
2025-04-22,205,10,0
2025-04-22,165,2,1
2025-04-22,153,13,0
2025-04-22,196,8,0
2025-04-22,204,7,0
2025-04-22,180,12,0
2025-04-22,177,9,0
2025-04-22,147,9,0
2025-04-22,181,9,0
2025-04-22,198,8,0
2025-04-22,146,3,0
2025-04-22,152,6,0
2025-04-22,167,4,0
2025-04-22,185,11,0
2025-04-22,187,12,0
2025-04-22,145,3,0
2025-04-22,216,8,0
2025-04-22,191,7,0
2025-04-22,236,4,0
2025-04-22,276,3,0
2025-04-22,227,0,0
2025-04-22,259,1,0
2025-04-22,277,3,0
2025-04-22,238,3,0
2025-04-22,266,3,0
2025-04-22,249,7,0
2025-04-22,286,3,0
2025-04-22,265,2,0
2025-04-22,287,0,0
2025-04-22,223,1,1
2025-04-22,268,5,0
2025-04-22,281,2,0
2025-04-22,260,1,0
2025-04-22,263,4,0
2025-04-22,258,1,0
2025-04-22,235,4,0
2025-04-22,255,3,0
2025-04-22,285,1,0
2025-04-22,273,4,0
2025-04-22,278,1,0
2025-04-22,237,4,0
2025-04-22,228,4,0
2025-04-22,283,4,0
2025-04-22,243,4,0
2025-04-22,240,6,0
2025-04-22,247,1,0
2025-04-22,256,0,0
2025-04-22,246,4,0
2025-04-22,239,4,0
2025-04-22,225,5,0
2025-04-22,253,3,0
2025-04-22,245,3,0
2025-04-22,288,0,2
2025-04-22,270,1,0
2025-04-22,264,2,0
2025-04-22,229,6,0
2025-04-22,261,4,0
2025-04-22,224,3,0
2025-04-22,274,5,0
2025-04-22,271,2,0
2025-04-22,272,3,0
2025-04-22,218,2,0
2025-04-22,280,6,0
2025-04-22,226,5,0
2025-04-22,279,5,0
2025-04-22,241,4,0
2025-04-22,219,0,0
2025-04-22,248,4,0
2025-04-22,251,7,0
2025-04-22,242,3,0
2025-04-22,244,2,0
2025-04-22,234,8,0
2025-04-22,269,2,0
2025-04-22,233,8,0
2025-04-22,282,5,0
2025-04-22,220,7,0
2025-04-22,221,3,0
2025-04-22,222,4,0
2025-04-22,257,2,0
2025-04-22,230,5,0
2025-04-22,250,4,0
2025-04-22,231,5,0
2025-04-22,252,8,0
2025-04-22,262,2,0
2025-04-22,217,2,0
2025-04-22,254,2,0
2025-04-22,284,4,0
2025-04-22,232,3,0
2025-04-22,275,3,0
2025-04-22,267,5,0
2025-04-23,215,8,0
2025-04-23,201,8,0
2025-04-23,212,13,0
2025-04-23,170,6,0
2025-04-23,158,9,1
2025-04-23,173,3,0
2025-04-23,164,8,1
2025-04-23,189,11,0
2025-04-23,199,6,0
2025-04-23,200,13,0
2025-04-23,154,7,0
2025-04-23,193,12,0
2025-04-23,175,2,0
2025-04-23,174,8,0
2025-04-23,192,12,0
2025-04-23,183,11,0
2025-04-23,197,8,0
2025-04-23,178,9,0
2025-04-23,203,5,0
2025-04-23,184,11,0
2025-04-23,172,5,0
2025-04-23,202,8,0
2025-04-23,211,11,0
2025-04-23,159,6,1
2025-04-23,188,14,0
2025-04-23,210,11,0
2025-04-23,190,10,0
2025-04-23,160,8,0
2025-04-23,186,13,0
2025-04-23,166,9,0
2025-04-23,148,4,0
2025-04-23,168,3,0
2025-04-23,149,6,0
2025-04-23,169,6,0
2025-04-23,213,8,0
2025-04-23,150,6,0
2025-04-23,176,7,0
2025-04-23,207,10,0
2025-04-23,151,10,0
2025-04-23,155,3,1
2025-04-23,194,8,0
2025-04-23,208,15,0
2025-04-23,161,11,0
2025-04-23,209,13,0
2025-04-23,195,10,0
2025-04-23,206,12,0
2025-04-23,214,7,0
2025-04-23,157,8,0
2025-04-23,156,6,0
2025-04-23,163,8,0
2025-04-23,171,4,0
2025-04-23,162,10,0
2025-04-23,182,12,0
2025-04-23,179,5,0
2025-04-23,205,10,0
2025-04-23,165,1,1
2025-04-23,153,13,0
2025-04-23,196,9,0
2025-04-23,204,7,0
2025-04-23,180,12,0
2025-04-23,177,10,0
2025-04-23,147,10,0
2025-04-23,181,10,0
2025-04-23,198,13,0
2025-04-23,146,3,0
2025-04-23,152,6,0
2025-04-23,167,4,0
2025-04-23,185,11,0
2025-04-23,187,12,0
2025-04-23,145,3,0
2025-04-23,216,9,0
2025-04-23,191,7,0
2025-04-23,236,6,0
2025-04-23,276,3,0
2025-04-23,227,2,0
2025-04-23,259,2,0
2025-04-23,277,5,0
2025-04-23,238,4,0
2025-04-23,266,3,0
2025-04-23,249,7,0
2025-04-23,286,6,0
2025-04-23,265,2,0
2025-04-23,287,0,0
2025-04-23,223,1,1
2025-04-23,268,8,0
2025-04-23,281,4,0
2025-04-23,260,1,0
2025-04-23,263,5,0
2025-04-23,258,1,0
2025-04-23,235,5,0
2025-04-23,255,4,0
2025-04-23,285,5,0
2025-04-23,273,3,1
2025-04-23,278,3,0
2025-04-23,237,4,0
2025-04-23,228,5,0
2025-04-23,283,5,1
2025-04-23,243,6,0
2025-04-23,240,7,0
2025-04-23,247,2,0
2025-04-23,256,3,0
2025-04-23,246,5,0
2025-04-23,239,4,0
2025-04-23,225,6,0
2025-04-23,253,3,0
2025-04-23,245,5,0
2025-04-23,288,1,2
2025-04-23,270,1,0
2025-04-23,264,3,0
2025-04-23,229,6,0
2025-04-23,261,5,0
2025-04-23,224,4,1
2025-04-23,274,6,0
2025-04-23,271,2,0
2025-04-23,272,5,0
2025-04-23,218,2,0
2025-04-23,280,6,0
2025-04-23,226,9,0
2025-04-23,279,6,0
2025-04-23,241,7,0
2025-04-23,219,1,0
2025-04-23,248,6,0
2025-04-23,251,7,0
2025-04-23,242,8,0
2025-04-23,244,3,0
2025-04-23,234,8,0
2025-04-23,269,2,0
2025-04-23,233,9,0
2025-04-23,282,8,0
2025-04-23,220,7,0
2025-04-23,221,3,0
2025-04-23,222,6,0
2025-04-23,257,4,0
2025-04-23,230,6,0
2025-04-23,250,4,0
2025-04-23,231,5,0
2025-04-23,252,9,0
2025-04-23,262,2,0
2025-04-23,217,2,0
2025-04-23,254,4,0
2025-04-23,284,4,0
2025-04-23,232,6,0
2025-04-23,275,4,0
2025-04-23,267,5,0
2025-04-24,215,8,0
2025-04-24,201,8,0
2025-04-24,212,13,0
2025-04-24,170,6,0
2025-04-24,158,9,1
2025-04-24,173,3,0
2025-04-24,164,8,1
2025-04-24,189,11,0
2025-04-24,199,6,0
2025-04-24,200,13,0
2025-04-24,154,7,0
2025-04-24,193,12,0
2025-04-24,175,3,0
2025-04-24,174,8,0
2025-04-24,192,12,0
2025-04-24,183,11,0
2025-04-24,197,8,0
2025-04-24,178,9,0
2025-04-24,203,5,0
2025-04-24,184,11,0
2025-04-24,172,5,0
2025-04-24,202,8,0
2025-04-24,211,12,0
2025-04-24,159,6,1
2025-04-24,188,14,0
2025-04-24,210,11,0
2025-04-24,190,10,0
2025-04-24,160,8,0
2025-04-24,186,13,0
2025-04-24,166,8,1
2025-04-24,148,4,0
2025-04-24,168,3,0
2025-04-24,149,6,0
2025-04-24,169,6,0
2025-04-24,213,8,0
2025-04-24,150,6,0
2025-04-24,176,7,0
2025-04-24,207,10,0
2025-04-24,151,10,0
2025-04-24,155,3,1
2025-04-24,194,8,0
2025-04-24,208,15,0
2025-04-24,161,11,0
2025-04-24,209,13,0
2025-04-24,195,10,0
2025-04-24,206,12,0
2025-04-24,214,8,0
2025-04-24,157,8,0
2025-04-24,156,6,0
2025-04-24,163,7,1
2025-04-24,171,4,0
2025-04-24,162,10,0
2025-04-24,182,12,0
2025-04-24,179,5,0
2025-04-24,205,11,0
2025-04-24,165,2,1
2025-04-24,153,12,1
2025-04-24,196,10,0
2025-04-24,204,7,0
2025-04-24,180,12,0
2025-04-24,177,10,0
2025-04-24,147,11,0
2025-04-24,181,10,0
2025-04-24,198,13,0
2025-04-24,146,3,0
2025-04-24,152,6,0
2025-04-24,167,5,0
2025-04-24,185,11,0
2025-04-24,187,12,0
2025-04-24,145,4,0
2025-04-24,216,10,0
2025-04-24,191,7,0
2025-04-24,236,8,0
2025-04-24,276,4,0
2025-04-24,227,2,0
2025-04-24,259,4,0
2025-04-24,277,7,0
2025-04-24,238,5,0
2025-04-24,266,5,0
2025-04-24,249,7,0
2025-04-24,286,6,1
2025-04-24,265,3,0
2025-04-24,287,0,0
2025-04-24,223,2,1
2025-04-24,268,9,0
2025-04-24,281,6,0
2025-04-24,260,2,0
2025-04-24,263,5,0
2025-04-24,258,2,0
2025-04-24,235,6,0
2025-04-24,255,4,0
2025-04-24,285,6,0
2025-04-24,273,3,1
2025-04-24,278,3,0
2025-04-24,237,6,0
2025-04-24,228,7,0
2025-04-24,283,6,0
2025-04-24,243,6,0
2025-04-24,240,8,0
2025-04-24,247,2,0
2025-04-24,256,3,0
2025-04-24,246,6,0
2025-04-24,239,4,0
2025-04-24,225,7,0
2025-04-24,253,6,0
2025-04-24,245,7,0
2025-04-24,288,1,2
2025-04-24,270,1,0
2025-04-24,264,6,0
2025-04-24,229,6,0
2025-04-24,261,4,0
2025-04-24,224,4,1
2025-04-24,274,6,0
2025-04-24,271,2,0
2025-04-24,272,5,0
2025-04-24,218,2,0
2025-04-24,280,4,2
2025-04-24,226,10,0
2025-04-24,279,6,0
2025-04-24,241,11,0
2025-04-24,219,1,0
2025-04-24,248,7,0
2025-04-24,251,7,0
2025-04-24,242,8,0
2025-04-24,244,4,0
2025-04-24,234,8,0
2025-04-24,269,2,0
2025-04-24,233,10,0
2025-04-24,282,8,0
2025-04-24,220,7,0
2025-04-24,221,4,0
2025-04-24,222,6,1
2025-04-24,257,7,0
2025-04-24,230,7,0
2025-04-24,250,5,0
2025-04-24,231,5,0
2025-04-24,252,10,0
2025-04-24,262,2,0
2025-04-24,217,3,0
2025-04-24,254,7,0
2025-04-24,284,6,0
2025-04-24,232,6,0
2025-04-24,275,5,0
2025-04-24,267,6,0
2025-04-25,215,9,0
2025-04-25,201,8,0
2025-04-25,212,14,0
2025-04-25,170,7,0
2025-04-25,158,10,1
2025-04-25,173,3,0
2025-04-25,164,8,1
2025-04-25,189,11,0
2025-04-25,199,6,0
2025-04-25,200,13,0
2025-04-25,154,8,0
2025-04-25,193,12,0
2025-04-25,175,3,0
2025-04-25,174,8,0
2025-04-25,192,12,0
2025-04-25,183,11,0
2025-04-25,197,8,0
2025-04-25,178,10,0
2025-04-25,203,6,0
2025-04-25,184,11,0
2025-04-25,172,5,0
2025-04-25,202,8,0
2025-04-25,211,12,0
2025-04-25,159,7,1
2025-04-25,188,14,0
2025-04-25,210,11,0
2025-04-25,190,11,0
2025-04-25,160,8,0
2025-04-25,186,13,0
2025-04-25,166,8,1
2025-04-25,148,4,0
2025-04-25,168,4,0
2025-04-25,149,6,0
2025-04-25,169,6,0
2025-04-25,213,8,0
2025-04-25,150,6,0
2025-04-25,176,7,0
2025-04-25,207,11,0
2025-04-25,151,10,0
2025-04-25,155,3,1
2025-04-25,194,9,0
2025-04-25,208,15,0
2025-04-25,161,11,0
2025-04-25,209,13,0
2025-04-25,195,10,0
2025-04-25,206,12,0
2025-04-25,214,8,0
2025-04-25,157,9,0
2025-04-25,156,6,0
2025-04-25,163,8,0
2025-04-25,171,4,0
2025-04-25,162,10,0
2025-04-25,182,12,0
2025-04-25,179,5,0
2025-04-25,205,12,0
2025-04-25,165,2,1
2025-04-25,153,12,1
2025-04-25,196,11,0
2025-04-25,204,7,0
2025-04-25,180,12,0
2025-04-25,177,11,0
2025-04-25,147,11,0
2025-04-25,181,11,0
2025-04-25,198,13,0
2025-04-25,146,3,0
2025-04-25,152,7,0
2025-04-25,167,7,1
2025-04-25,185,12,0
2025-04-25,187,13,0
2025-04-25,145,4,0
2025-04-25,216,10,0
2025-04-25,191,7,0
2025-04-25,236,8,0
2025-04-25,276,5,0
2025-04-25,227,2,0
2025-04-25,259,4,0
2025-04-25,277,7,0
2025-04-25,238,6,0
2025-04-25,266,5,0
2025-04-25,249,7,0
2025-04-25,286,7,0
2025-04-25,265,4,0
2025-04-25,287,0,0
2025-04-25,223,2,2
2025-04-25,268,10,0
2025-04-25,281,7,0
2025-04-25,260,3,0
2025-04-25,263,6,0
2025-04-25,258,4,0
2025-04-25,235,7,0
2025-04-25,255,6,0
2025-04-25,285,6,0
2025-04-25,273,4,0
2025-04-25,278,3,0
2025-04-25,237,6,0
2025-04-25,228,9,0
2025-04-25,283,6,1
2025-04-25,243,8,0
2025-04-25,240,8,0
2025-04-25,247,4,0
2025-04-25,256,4,0
2025-04-25,246,6,0
2025-04-25,239,5,0
2025-04-25,225,9,0
2025-04-25,253,6,0
2025-04-25,245,8,0
2025-04-25,288,1,2
2025-04-25,270,1,0
2025-04-25,264,10,0
2025-04-25,229,7,0
2025-04-25,261,8,0
2025-04-25,224,4,1
2025-04-25,274,6,0
2025-04-25,271,2,0
2025-04-25,272,5,0
2025-04-25,218,2,0
2025-04-25,280,6,0
2025-04-25,226,11,0
2025-04-25,279,6,0
2025-04-25,241,13,0
2025-04-25,219,2,0
2025-04-25,248,9,0
2025-04-25,251,7,0
2025-04-25,242,9,0
2025-04-25,244,5,0
2025-04-25,234,9,0
2025-04-25,269,2,0
2025-04-25,233,10,0
2025-04-25,282,9,0
2025-04-25,220,9,0
2025-04-25,221,5,0
2025-04-25,222,7,1
2025-04-25,257,8,0
2025-04-25,230,8,0
2025-04-25,250,6,0
2025-04-25,231,5,0
2025-04-25,252,10,0
2025-04-25,262,2,0
2025-04-25,217,4,0
2025-04-25,254,7,0
2025-04-25,284,6,0
2025-04-25,232,7,0
2025-04-25,275,5,0
2025-04-25,267,6,0
2025-04-28,236,8,0
2025-04-28,276,7,0
2025-04-28,227,7,0
2025-04-28,259,5,0
2025-04-28,277,7,0
2025-04-28,238,6,1
2025-04-28,266,5,0
2025-04-28,249,7,0
2025-04-28,286,8,0
2025-04-28,265,6,0
2025-04-28,287,1,0
2025-04-28,223,2,0
2025-04-28,235,9,0
2025-04-28,258,7,0
2025-04-28,263,11,0
2025-04-28,260,3,0
2025-04-28,281,8,0
2025-04-28,268,10,0
2025-04-28,228,12,0
2025-04-28,237,9,0
2025-04-28,278,3,0
2025-04-28,273,4,1
2025-04-28,285,8,0
2025-04-28,255,7,0
2025-04-28,246,6,0
2025-04-28,256,5,0
2025-04-28,247,4,0
2025-04-28,240,8,0
2025-04-28,243,10,0
2025-04-28,283,8,0
2025-04-28,270,1,0
2025-04-28,288,3,2
2025-04-28,245,11,0
2025-04-28,253,7,0
2025-04-28,225,9,0
2025-04-28,239,5,0
2025-04-28,264,11,0
2025-04-28,229,7,0
2025-04-28,261,10,0
2025-04-28,224,4,0
2025-04-28,274,6,0
2025-04-28,271,2,0
2025-04-28,272,6,0
2025-04-28,218,3,0
2025-04-28,280,6,0
2025-04-28,226,12,0
2025-04-28,279,8,0
2025-04-28,241,13,0
2025-04-28,219,3,0
2025-04-28,248,9,0
2025-04-28,251,7,0
2025-04-28,242,10,0
2025-04-28,244,5,0
2025-04-28,234,11,0
2025-04-28,269,2,0
2025-04-28,233,11,0
2025-04-28,282,9,0
2025-04-28,220,9,0
2025-04-28,221,6,0
2025-04-28,222,7,1
2025-04-28,257,9,0
2025-04-28,230,8,0
2025-04-28,250,6,0
2025-04-28,231,8,0
2025-04-28,252,11,0
2025-04-28,262,3,0
2025-04-28,217,4,0
2025-04-28,254,6,1
2025-04-28,284,8,0
2025-04-28,232,8,0
2025-04-28,275,6,0
2025-04-28,267,8,0
2025-04-30,236,7,1
2025-04-30,276,7,0
2025-04-30,227,8,0
2025-04-30,259,6,0
2025-04-30,277,7,1
2025-04-30,238,6,0
2025-04-30,223,2,2
2025-04-30,287,1,0
2025-04-30,265,7,0
2025-04-30,286,9,0
2025-04-30,249,9,0
2025-04-30,266,5,0
2025-04-30,268,11,0
2025-04-30,281,8,0
2025-04-30,260,3,0
2025-04-30,263,11,0
2025-04-30,258,8,0
2025-04-30,235,9,0
2025-04-30,255,7,0
2025-04-30,285,8,0
2025-04-30,273,3,2
2025-04-30,278,3,0
2025-04-30,237,9,0
2025-04-30,228,12,0
2025-04-30,283,8,1
2025-04-30,243,10,0
2025-04-30,240,8,0
2025-04-30,247,4,0
2025-04-30,256,6,0
2025-04-30,246,6,0
2025-04-30,239,5,0
2025-04-30,225,9,0
2025-04-30,253,7,0
2025-04-30,245,11,0
2025-04-30,288,3,2
2025-04-30,270,1,0
2025-04-30,264,13,0
2025-04-30,229,7,0
2025-04-30,261,10,0
2025-04-30,224,5,1
2025-04-30,274,6,0
2025-04-30,271,2,0
2025-04-30,272,7,0
2025-04-30,218,3,0
2025-04-30,280,6,1
2025-04-30,226,12,0
2025-04-30,279,8,0
2025-04-30,241,13,0
2025-04-30,219,4,0
2025-04-30,248,9,0
2025-04-30,251,7,0
2025-04-30,242,10,0
2025-04-30,244,5,0
2025-04-30,234,11,0
2025-04-30,269,2,0
2025-04-30,233,12,0
2025-04-30,282,9,0
2025-04-30,220,9,0
2025-04-30,221,6,0
2025-04-30,222,7,1
2025-04-30,257,9,0
2025-04-30,230,8,0
2025-04-30,250,5,2
2025-04-30,231,8,0
2025-04-30,252,11,0
2025-04-30,262,4,0
2025-04-30,217,4,0
2025-04-30,254,8,1
2025-04-30,284,9,0
2025-04-30,232,9,0
2025-04-30,275,7,0
2025-04-30,267,9,0
2025-05-01,236,7,1
2025-05-01,276,7,0
2025-05-01,227,8,0
2025-05-01,259,6,0
2025-05-01,277,7,1
2025-05-01,238,9,1
2025-05-01,223,2,2
2025-05-01,287,1,0
2025-05-01,265,7,0
2025-05-01,286,8,1
2025-05-01,249,9,0
2025-05-01,266,5,0
2025-05-01,268,11,0
2025-05-01,281,8,0
2025-05-01,260,3,0
2025-05-01,263,12,0
2025-05-01,258,10,0
2025-05-01,235,9,0
2025-05-01,255,7,0
2025-05-01,285,8,0
2025-05-01,273,4,1
2025-05-01,278,3,0
2025-05-01,237,9,0
2025-05-01,228,12,0
2025-05-01,283,8,1
2025-05-01,243,10,0
2025-05-01,240,8,1
2025-05-01,247,4,0
2025-05-01,256,6,0
2025-05-01,246,6,0
2025-05-01,239,5,0
2025-05-01,225,9,0
2025-05-01,253,7,0
2025-05-01,245,11,0
2025-05-01,288,3,2
2025-05-01,270,1,0
2025-05-01,264,13,0
2025-05-01,229,6,1
2025-05-01,261,10,0
2025-05-01,224,5,1
2025-05-01,274,6,0
2025-05-01,271,2,0
2025-05-01,272,7,0
2025-05-01,218,3,0
2025-05-01,280,5,2
2025-05-01,226,12,0
2025-05-01,279,8,0
2025-05-01,241,13,0
2025-05-01,219,4,0
2025-05-01,248,9,0
2025-05-01,251,7,0
2025-05-01,242,10,0
2025-05-01,244,5,0
2025-05-01,234,11,0
2025-05-01,269,2,0
2025-05-01,233,12,0
2025-05-01,282,9,0
2025-05-01,220,9,0
2025-05-01,221,6,0
2025-05-01,222,7,1
2025-05-01,257,10,0
2025-05-01,230,8,0
2025-05-01,250,5,2
2025-05-01,231,8,0
2025-05-01,252,11,0
2025-05-01,262,6,0
2025-05-01,217,3,0
2025-05-01,254,8,1
2025-05-01,284,9,0
2025-05-01,232,9,0
2025-05-01,275,7,0
2025-05-01,267,9,0
2025-05-02,236,7,2
2025-05-02,276,7,0
2025-05-02,227,8,0
2025-05-02,259,6,0
2025-05-02,277,9,1
2025-05-02,238,10,0
2025-05-02,223,2,2
2025-05-02,287,1,0
2025-05-02,265,7,0
2025-05-02,286,10,1
2025-05-02,249,9,0
2025-05-02,266,5,0
2025-05-02,268,11,0
2025-05-02,281,8,0
2025-05-02,260,3,0
2025-05-02,263,12,0
2025-05-02,258,11,0
2025-05-02,235,9,1
2025-05-02,255,7,0
2025-05-02,285,8,0
2025-05-02,273,4,1
2025-05-02,278,3,0
2025-05-02,237,9,0
2025-05-02,228,13,0
2025-05-02,283,8,1
2025-05-02,243,10,0
2025-05-02,240,8,1
2025-05-02,247,4,0
2025-05-02,256,7,0
2025-05-02,246,7,0
2025-05-02,239,5,1
2025-05-02,225,10,0
2025-05-02,253,7,0
2025-05-02,245,11,0
2025-05-02,288,3,2
2025-05-02,270,1,0
2025-05-02,264,13,0
2025-05-02,229,7,1
2025-05-02,261,10,0
2025-05-02,224,5,1
2025-05-02,274,6,0
2025-05-02,271,2,0
2025-05-02,272,7,0
2025-05-02,218,3,0
2025-05-02,280,5,2
2025-05-02,226,12,0
2025-05-02,279,8,0
2025-05-02,241,13,0
2025-05-02,219,4,0
2025-05-02,248,9,0
2025-05-02,251,7,0
2025-05-02,242,10,0
2025-05-02,244,5,0
2025-05-02,234,11,0
2025-05-02,269,2,0
2025-05-02,233,12,0
2025-05-02,282,9,0
2025-05-02,220,9,0
2025-05-02,221,6,0
2025-05-02,222,7,1
2025-05-02,257,10,0
2025-05-02,230,8,0
2025-05-02,250,5,2
2025-05-02,231,8,0
2025-05-02,252,11,0
2025-05-02,262,8,0
2025-05-02,217,4,0
2025-05-02,254,9,1
2025-05-02,284,9,0
2025-05-02,232,10,0
2025-05-02,275,7,0
2025-05-02,267,10,0
2025-05-08,289,0,0
2025-05-08,290,0,0
2025-05-08,291,1,0
2025-05-08,292,1,0
2025-05-08,293,0,0
2025-05-08,294,0,0
2025-05-08,295,2,0
2025-05-08,296,1,0
2025-05-08,297,1,0
2025-05-08,298,1,0
2025-05-08,299,2,0
2025-05-08,300,0,0
2025-05-08,301,0,0
2025-05-08,302,0,0
2025-05-08,303,0,0
2025-05-08,304,0,0
2025-05-08,305,0,0
2025-05-08,306,1,0
2025-05-08,307,0,0
2025-05-08,308,0,0
2025-05-08,309,2,0
2025-05-08,310,1,0
2025-05-08,311,0,0
2025-05-08,312,1,0
2025-05-08,313,0,0
2025-05-08,314,0,0
2025-05-08,315,0,0
2025-05-08,316,0,0
2025-05-08,317,0,0
2025-05-08,318,0,0
2025-05-08,319,0,0
2025-05-08,320,0,0
2025-05-08,321,0,0
2025-05-08,322,1,0
2025-05-08,323,0,0
2025-05-08,324,0,0
2025-05-08,325,0,0
2025-05-08,326,1,0
2025-05-08,327,1,0
2025-05-08,328,0,0
2025-05-08,329,0,0
2025-05-08,330,0,0
2025-05-08,331,0,0
2025-05-08,332,0,0
2025-05-08,333,0,0
2025-05-08,334,0,0
2025-05-08,335,0,0
2025-05-08,336,0,0
2025-05-13,289,7,0
2025-05-13,290,4,0
2025-05-13,291,9,0
2025-05-13,292,4,0
2025-05-13,293,5,0
2025-05-13,294,10,0
2025-05-13,295,7,0
2025-05-13,296,5,0
2025-05-13,297,14,0
2025-05-13,298,8,0
2025-05-13,299,11,0
2025-05-13,300,10,0
2025-05-13,301,9,0
2025-05-13,302,5,0
2025-05-13,303,8,0
2025-05-13,304,5,0
2025-05-13,305,4,0
2025-05-13,306,6,0
2025-05-13,307,6,0
2025-05-13,308,6,0
2025-05-13,309,8,1
2025-05-13,310,6,1
2025-05-13,311,8,0
2025-05-13,312,5,0
2025-05-13,313,3,0
2025-05-13,314,5,0
2025-05-13,315,5,0
2025-05-13,316,5,0
2025-05-13,317,5,0
2025-05-13,318,4,0
2025-05-13,319,9,0
2025-05-13,320,6,0
2025-05-13,321,6,0
2025-05-13,322,7,0
2025-05-13,323,6,0
2025-05-13,324,3,0
2025-05-13,325,3,0
2025-05-13,326,5,0
2025-05-13,327,5,0
2025-05-13,328,4,0
2025-05-13,329,5,0
2025-05-13,330,6,0
2025-05-13,331,4,0
2025-05-13,332,3,0
2025-05-13,333,4,0
2025-05-13,334,5,0
2025-05-13,335,8,0
2025-05-13,336,0,0
2025-05-15,296,8,0
2025-05-15,316,5,0
2025-05-15,290,5,0
2025-05-15,327,6,0
2025-05-15,304,12,0
2025-05-15,306,10,0
2025-05-15,334,8,0
2025-05-15,291,12,0
2025-05-15,289,8,0
2025-05-15,308,13,0
2025-05-15,312,9,0
2025-05-15,328,5,0
2025-05-15,307,7,0
2025-05-15,323,8,0
2025-05-15,331,8,0
2025-05-15,330,8,0
2025-05-15,310,10,1
2025-05-15,325,6,0
2025-05-15,294,11,0
2025-05-15,326,5,1
2025-05-15,333,5,0
2025-05-15,309,11,1
2025-05-15,301,11,0
2025-05-15,299,14,0
2025-05-15,295,7,0
2025-05-15,317,12,0
2025-05-15,298,12,0
2025-05-15,311,13,0
2025-05-15,324,7,0
2025-05-15,293,10,0
2025-05-15,322,8,0
2025-05-15,320,9,0
2025-05-15,318,7,0
2025-05-15,314,7,0
2025-05-15,302,7,0
2025-05-15,315,8,0
2025-05-15,305,12,0
2025-05-15,335,8,1
2025-05-15,332,5,0
2025-05-15,297,14,0
2025-05-15,303,12,0
2025-05-15,321,11,0
2025-05-15,313,6,0
2025-05-15,329,7,0
2025-05-15,292,7,0
2025-05-15,336,1,1
2025-05-15,319,11,0
2025-05-15,300,12,0
2025-05-18,296,10,0
2025-05-18,316,6,0
2025-05-18,290,8,0
2025-05-18,327,7,0
2025-05-18,304,13,0
2025-05-18,306,12,0
2025-05-18,334,9,0
2025-05-18,291,12,0
2025-05-18,289,10,0
2025-05-18,308,13,0
2025-05-18,312,10,0
2025-05-18,328,6,0
2025-05-18,307,10,0
2025-05-18,323,12,0
2025-05-18,331,9,0
2025-05-18,330,10,0
2025-05-18,310,12,1
2025-05-18,325,9,1
2025-05-18,294,13,0
2025-05-18,326,6,1
2025-05-18,333,6,0
2025-05-18,309,11,1
2025-05-18,301,12,0
2025-05-18,299,15,0
2025-05-18,295,11,0
2025-05-18,317,13,0
2025-05-18,298,13,0
2025-05-18,311,13,0
2025-05-18,324,9,0
2025-05-18,293,10,0
2025-05-18,322,9,0
2025-05-18,320,9,0
2025-05-18,318,9,0
2025-05-18,314,9,0
2025-05-18,302,11,0
2025-05-18,315,9,0
2025-05-18,305,14,0
2025-05-18,335,9,1
2025-05-18,332,6,0
2025-05-18,297,14,0
2025-05-18,303,12,0
2025-05-18,321,11,0
2025-05-18,313,7,0
2025-05-18,329,10,0
2025-05-18,292,8,0
2025-05-18,336,7,1
2025-05-18,319,12,1
2025-05-18,300,13,0
2025-05-19,296,9,0
2025-05-19,316,7,0
2025-05-19,290,8,0
2025-05-19,327,7,0
2025-05-19,304,13,0
2025-05-19,306,12,0
2025-05-19,334,9,0
2025-05-19,291,12,0
2025-05-19,289,10,0
2025-05-19,308,13,0
2025-05-19,312,11,0
2025-05-19,328,6,0
2025-05-19,307,10,0
2025-05-19,323,12,0
2025-05-19,331,9,0
2025-05-19,330,10,0
2025-05-19,310,12,1
2025-05-19,325,9,1
2025-05-19,294,13,0
2025-05-19,326,7,1
2025-05-19,333,6,0
2025-05-19,309,11,1
2025-05-19,301,12,0
2025-05-19,299,15,0
2025-05-19,295,11,0
2025-05-19,317,13,0
2025-05-19,298,13,0
2025-05-19,311,13,0
2025-05-19,324,9,0
2025-05-19,293,10,0
2025-05-19,322,9,0
2025-05-19,320,9,0
2025-05-19,318,9,0
2025-05-19,314,9,0
2025-05-19,302,11,0
2025-05-19,315,10,0
2025-05-19,305,14,0
2025-05-19,335,9,1
2025-05-19,332,6,0
2025-05-19,297,14,0
2025-05-19,303,12,0
2025-05-19,321,12,0
2025-05-19,313,7,0
2025-05-19,329,11,0
2025-05-19,292,9,0
2025-05-19,336,7,1
2025-05-19,319,12,1
2025-05-19,300,14,0
2025-05-20,296,9,0
2025-05-20,316,7,0
2025-05-20,290,8,0
2025-05-20,327,7,0
2025-05-20,304,13,0
2025-05-20,306,12,0
2025-05-20,334,9,0
2025-05-20,291,12,0
2025-05-20,289,10,0
2025-05-20,308,13,0
2025-05-20,312,11,0
2025-05-20,328,6,0
2025-05-20,307,11,0
2025-05-20,323,12,0
2025-05-20,331,9,0
2025-05-20,330,10,0
2025-05-20,310,12,1
2025-05-20,325,9,1
2025-05-20,294,13,0
2025-05-20,326,7,1
2025-05-20,333,6,0
2025-05-20,309,11,1
2025-05-20,301,13,0
2025-05-20,299,15,0
2025-05-20,295,11,0
2025-05-20,317,13,0
2025-05-20,298,13,0
2025-05-20,311,13,0
2025-05-20,324,9,0
2025-05-20,293,12,0
2025-05-20,322,10,0
2025-05-20,320,10,0
2025-05-20,318,9,0
2025-05-20,314,9,0
2025-05-20,302,12,0
2025-05-20,315,11,0
2025-05-20,305,14,0
2025-05-20,335,9,1
2025-05-20,332,6,0
2025-05-20,297,14,0
2025-05-20,303,12,0
2025-05-20,321,12,0
2025-05-20,313,9,0
2025-05-20,329,11,0
2025-05-20,292,9,0
2025-05-20,336,7,1
2025-05-20,319,12,1
2025-05-20,300,14,0
2025-05-21,296,9,0
2025-05-21,316,7,0
2025-05-21,290,8,0
2025-05-21,327,8,0
2025-05-21,304,13,0
2025-05-21,306,12,0
2025-05-21,334,9,0
2025-05-21,291,12,0
2025-05-21,289,10,0
2025-05-21,308,14,0
2025-05-21,312,11,0
2025-05-21,328,6,0
2025-05-21,307,12,0
2025-05-21,323,12,0
2025-05-21,331,9,0
2025-05-21,330,10,0
2025-05-21,310,12,1
2025-05-21,325,10,1
2025-05-21,294,13,0
2025-05-21,326,8,1
2025-05-21,333,6,0
2025-05-21,309,11,1
2025-05-21,301,13,0
2025-05-21,299,15,0
2025-05-21,295,14,0
2025-05-21,317,13,0
2025-05-21,298,13,0
2025-05-21,311,13,0
2025-05-21,324,9,0
2025-05-21,293,12,0
2025-05-21,322,10,0
2025-05-21,320,10,0
2025-05-21,318,10,0
2025-05-21,314,9,0
2025-05-21,302,12,0
2025-05-21,315,11,0
2025-05-21,305,14,0
2025-05-21,335,9,1
2025-05-21,332,6,0
2025-05-21,297,14,0
2025-05-21,303,12,0
2025-05-21,321,12,0
2025-05-21,313,9,0
2025-05-21,329,11,0
2025-05-21,292,9,0
2025-05-21,336,8,1
2025-05-21,319,12,1
2025-05-21,300,14,0
2025-05-22,296,9,0
2025-05-22,316,7,0
2025-05-22,290,9,0
2025-05-22,327,8,0
2025-05-22,304,13,0
2025-05-22,306,12,0
2025-05-22,334,9,0
2025-05-22,291,12,0
2025-05-22,289,10,0
2025-05-22,308,14,0
2025-05-22,312,11,0
2025-05-22,328,6,0
2025-05-22,307,12,0
2025-05-22,323,12,0
2025-05-22,331,9,0
2025-05-22,330,11,0
2025-05-22,310,12,1
2025-05-22,325,10,1
2025-05-22,294,13,0
2025-05-22,326,8,1
2025-05-22,333,6,0
2025-05-22,309,11,1
2025-05-22,301,14,0
2025-05-22,299,15,0
2025-05-22,295,13,0
2025-05-22,317,14,0
2025-05-22,298,13,0
2025-05-22,311,13,0
2025-05-22,324,9,0
2025-05-22,293,12,0
2025-05-22,322,10,0
2025-05-22,320,10,0
2025-05-22,318,10,0
2025-05-22,314,9,0
2025-05-22,302,12,0
2025-05-22,315,11,0
2025-05-22,305,15,0
2025-05-22,335,9,1
2025-05-22,332,8,0
2025-05-22,297,14,0
2025-05-22,303,14,0
2025-05-22,321,12,1
2025-05-22,313,9,0
2025-05-22,329,11,0
2025-05-22,292,9,0
2025-05-22,336,8,1
2025-05-22,319,12,1
2025-05-22,300,14,0
2024-12-02,337,0,
2024-12-02,338,0,
2024-12-02,339,0,
2024-12-02,340,0,
2024-12-02,341,0,
2024-12-02,342,0,
2024-12-02,343,0,
2024-12-02,344,0,
2024-12-02,345,0,
2024-12-02,346,0,
2024-12-02,347,0,
2024-12-02,348,0,
2024-12-02,349,0,
2024-12-02,350,0,
2024-12-02,351,0,
2024-12-02,352,0,
2024-12-02,353,1,
2024-12-02,354,0,
2024-12-02,355,1,
2024-12-02,356,0,
2024-12-02,357,0,
2024-12-02,358,0,
2024-12-02,359,0,
2024-12-02,360,1,
2024-12-02,361,4,
2024-12-02,362,2,
2024-12-02,363,1,
2024-12-02,364,0,
2024-12-02,365,1,
2024-12-02,366,3,
2024-12-02,367,5,
2024-12-02,368,1,
2024-12-02,369,2,
2024-12-02,370,2,
2024-12-02,371,0,
2024-12-02,372,0,
2024-12-03,337,0,
2024-12-03,338,0,
2024-12-03,339,0,
2024-12-03,340,0,
2024-12-03,341,0,
2024-12-03,342,1,
2024-12-03,343,0,
2024-12-03,344,0,
2024-12-03,345,0,
2024-12-03,346,0,
2024-12-03,347,0,
2024-12-03,348,0,
2024-12-03,349,0,
2024-12-03,350,0,
2024-12-03,351,0,
2024-12-03,352,0,
2024-12-03,353,2,
2024-12-03,354,0,
2024-12-03,355,1,
2024-12-03,356,0,
2024-12-03,357,1,
2024-12-03,358,1,
2024-12-03,359,1,
2024-12-03,360,1,
2024-12-03,361,6,
2024-12-03,362,2,
2024-12-03,363,2,
2024-12-03,364,0,
2024-12-03,365,3,
2024-12-03,366,3,
2024-12-03,367,7,
2024-12-03,368,2,
2024-12-03,369,3,
2024-12-03,370,4,
2024-12-03,371,3,
2024-12-03,372,0,
2024-12-04,337,0,
2024-12-04,338,0,
2024-12-04,339,0,
2024-12-04,340,0,
2024-12-04,341,0,
2024-12-04,342,1,
2024-12-04,343,0,
2024-12-04,344,0,
2024-12-04,345,0,
2024-12-04,346,0,
2024-12-04,347,0,
2024-12-04,348,0,
2024-12-04,349,0,
2024-12-04,350,0,
2024-12-04,351,0,
2024-12-04,352,0,
2024-12-04,353,2,
2024-12-04,354,0,
2024-12-04,355,1,
2024-12-04,356,0,
2024-12-04,357,1,
2024-12-04,358,2,
2024-12-04,359,3,
2024-12-04,360,1,
2024-12-04,361,7,
2024-12-04,362,3,
2024-12-04,363,3,
2024-12-04,364,1,
2024-12-04,365,5,
2024-12-04,366,4,
2024-12-04,367,9,
2024-12-04,368,4,
2024-12-04,369,7,
2024-12-04,370,8,
2024-12-04,371,6,
2024-12-04,372,1,
2024-12-05,337,0,
2024-12-05,338,0,
2024-12-05,339,0,
2024-12-05,340,0,
2024-12-05,341,0,
2024-12-05,342,1,
2024-12-05,343,0,
2024-12-05,344,0,
2024-12-05,345,1,
2024-12-05,346,0,
2024-12-05,347,0,
2024-12-05,348,0,
2024-12-05,349,0,
2024-12-05,350,0,
2024-12-05,351,0,
2024-12-05,352,1,
2024-12-05,353,2,
2024-12-05,354,0,
2024-12-05,355,1,
2024-12-05,356,0,
2024-12-05,357,1,
2024-12-05,358,2,
2024-12-05,359,3,
2024-12-05,360,1,
2024-12-05,361,7,
2024-12-05,362,5,
2024-12-05,363,5,
2024-12-05,364,1,
2024-12-05,365,8,
2024-12-05,366,8,
2024-12-05,367,9,
2024-12-05,368,6,
2024-12-05,369,8,
2024-12-05,370,8,
2024-12-05,371,8,
2024-12-05,372,3,
2024-12-09,337,0,
2024-12-09,338,0,
2024-12-09,339,0,
2024-12-09,340,0,
2024-12-09,341,0,
2024-12-09,342,1,
2024-12-09,343,0,
2024-12-09,344,0,
2024-12-09,345,1,
2024-12-09,346,0,
2024-12-09,347,0,
2024-12-09,348,0,
2024-12-09,349,0,
2024-12-09,350,1,
2024-12-09,351,0,
2024-12-09,352,1,
2024-12-09,353,2,
2024-12-09,354,0,
2024-12-09,355,1,
2024-12-09,356,0,
2024-12-09,357,1,
2024-12-09,358,3,
2024-12-09,359,3,
2024-12-09,360,1,
2024-12-09,361,7,
2024-12-09,362,5,
2024-12-09,363,8,
2024-12-09,364,2,
2024-12-09,365,9,
2024-12-09,366,9,
2024-12-09,367,9,
2024-12-09,368,7,
2024-12-09,369,9,
2024-12-09,370,8,
2024-12-09,371,10,
2024-12-09,372,6,
2024-12-10,337,0,
2024-12-10,338,0,
2024-12-10,339,0,
2024-12-10,340,0,
2024-12-10,341,0,
2024-12-10,342,1,
2024-12-10,343,0,
2024-12-10,344,0,
2024-12-10,345,1,
2024-12-10,346,0,
2024-12-10,347,1,
2024-12-10,348,0,
2024-12-10,349,0,
2024-12-10,350,1,
2024-12-10,351,0,
2024-12-10,352,1,
2024-12-10,353,2,
2024-12-10,354,0,
2024-12-10,355,1,
2024-12-10,356,0,
2024-12-10,357,1,
2024-12-10,358,3,
2024-12-10,359,3,
2024-12-10,360,2,
2024-12-10,361,7,
2024-12-10,362,5,
2024-12-10,363,8,
2024-12-10,364,3,
2024-12-10,365,9,
2024-12-10,366,9,
2024-12-10,367,9,
2024-12-10,368,7,
2024-12-10,369,11,
2024-12-10,370,8,
2024-12-10,371,10,
2024-12-10,372,7,
2024-12-11,337,0,
2024-12-11,338,0,
2024-12-11,339,0,
2024-12-11,340,0,
2024-12-11,341,0,
2024-12-11,342,1,
2024-12-11,343,0,
2024-12-11,344,0,
2024-12-11,345,1,
2024-12-11,346,1,
2024-12-11,347,2,
2024-12-11,348,0,
2024-12-11,349,0,
2024-12-11,350,1,
2024-12-11,351,0,
2024-12-11,352,1,
2024-12-11,353,2,
2024-12-11,354,0,
2024-12-11,355,1,
2024-12-11,356,0,
2024-12-11,357,1,
2024-12-11,358,3,
2024-12-11,359,3,
2024-12-11,360,2,
2024-12-11,361,7,
2024-12-11,362,5,
2024-12-11,363,9,
2024-12-11,364,3,
2024-12-11,365,9,
2024-12-11,366,9,
2024-12-11,367,9,
2024-12-11,368,8,
2024-12-11,369,11,
2024-12-11,370,8,
2024-12-11,371,10,
2024-12-11,372,7,
2024-12-12,337,0,
2024-12-12,338,0,
2024-12-12,339,0,
2024-12-12,340,0,
2024-12-12,341,0,
2024-12-12,342,1,
2024-12-12,343,0,
2024-12-12,344,0,
2024-12-12,345,2,
2024-12-12,346,1,
2024-12-12,347,2,
2024-12-12,348,0,
2024-12-12,349,0,
2024-12-12,350,1,
2024-12-12,351,0,
2024-12-12,352,1,
2024-12-12,353,2,
2024-12-12,354,1,
2024-12-12,355,1,
2024-12-12,356,0,
2024-12-12,357,1,
2024-12-12,358,3,
2024-12-12,359,3,
2024-12-12,360,2,
2024-12-12,361,7,
2024-12-12,362,5,
2024-12-12,363,9,
2024-12-12,364,3,
2024-12-12,365,9,
2024-12-12,366,9,
2024-12-12,367,9,
2024-12-12,368,8,
2024-12-12,369,11,
2024-12-12,370,8,
2024-12-12,371,11,
2024-12-12,372,7,
2024-12-13,337,0,
2024-12-13,338,0,
2024-12-13,339,0,
2024-12-13,340,0,
2024-12-13,341,0,
2024-12-13,342,1,
2024-12-13,343,0,
2024-12-13,344,0,
2024-12-13,345,2,
2024-12-13,346,1,
2024-12-13,347,2,
2024-12-13,348,1,
2024-12-13,349,0,
2024-12-13,350,1,
2024-12-13,351,0,
2024-12-13,352,1,
2024-12-13,353,2,
2024-12-13,354,1,
2024-12-13,355,1,
2024-12-13,356,0,
2024-12-13,357,1,
2024-12-13,358,3,
2024-12-13,359,3,
2024-12-13,360,2,
2024-12-13,361,7,
2024-12-13,362,5,
2024-12-13,363,11,
2024-12-13,364,3,
2024-12-13,365,9,
2024-12-13,366,9,
2024-12-13,367,9,
2024-12-13,368,8,
2024-12-13,369,12,
2024-12-13,370,9,
2024-12-13,371,11,
2024-12-13,372,8,
2024-12-16,337,1,
2024-12-16,338,1,
2024-12-16,339,1,
2024-12-16,340,0,
2024-12-16,341,0,
2024-12-16,342,1,
2024-12-16,343,1,
2024-12-16,344,0,
2024-12-16,345,2,
2024-12-16,346,1,
2024-12-16,347,4,
2024-12-16,348,1,
2024-12-16,349,0,
2024-12-16,350,1,
2024-12-16,351,0,
2024-12-16,352,1,
2024-12-16,353,2,
2024-12-16,354,1,
2024-12-16,355,1,
2024-12-16,356,0,
2024-12-16,357,2,
2024-12-16,358,3,
2024-12-16,359,3,
2024-12-16,360,3,
2024-12-16,361,7,
2024-12-16,362,5,
2024-12-16,363,11,
2024-12-16,364,4,
2024-12-16,365,9,
2024-12-16,366,9,
2024-12-16,367,10,
2024-12-16,368,8,
2024-12-16,369,13,
2024-12-16,370,9,
2024-12-16,371,11,
2024-12-16,372,8,
2024-12-17,337,1,
2024-12-17,338,1,
2024-12-17,339,1,
2024-12-17,340,0,
2024-12-17,341,0,
2024-12-17,342,1,
2024-12-17,343,1,
2024-12-17,344,0,
2024-12-17,345,2,
2024-12-17,346,1,
2024-12-17,347,4,
2024-12-17,348,1,
2024-12-17,349,0,
2024-12-17,350,1,
2024-12-17,351,0,
2024-12-17,352,1,
2024-12-17,353,2,
2024-12-17,354,2,
2024-12-17,355,1,
2024-12-17,356,1,
2024-12-17,357,2,
2024-12-17,358,3,
2024-12-17,359,3,
2024-12-17,360,3,
2024-12-17,361,7,
2024-12-17,362,5,
2024-12-17,363,11,
2024-12-17,364,5,
2024-12-17,365,9,
2024-12-17,366,9,
2024-12-17,367,10,
2024-12-17,368,8,
2024-12-17,369,13,
2024-12-17,370,9,
2024-12-17,371,12,
2024-12-17,372,8,
2024-12-18,337,1,
2024-12-18,338,1,
2024-12-18,339,2,
2024-12-18,340,0,
2024-12-18,341,0,
2024-12-18,342,1,
2024-12-18,343,1,
2024-12-18,344,0,
2024-12-18,345,2,
2024-12-18,346,1,
2024-12-18,347,4,
2024-12-18,348,1,
2024-12-18,349,0,
2024-12-18,350,1,
2024-12-18,351,0,
2024-12-18,352,1,
2024-12-18,353,2,
2024-12-18,354,3,
2024-12-18,355,1,
2024-12-18,356,2,
2024-12-18,357,2,
2024-12-18,358,3,
2024-12-18,359,3,
2024-12-18,360,3,
2024-12-18,361,7,
2024-12-18,362,5,
2024-12-18,363,11,
2024-12-18,364,5,
2024-12-18,365,9,
2024-12-18,366,9,
2024-12-18,367,10,
2024-12-18,368,8,
2024-12-18,369,13,
2024-12-18,370,9,
2024-12-18,371,12,
2024-12-18,372,8,
2024-12-19,337,1,
2024-12-19,338,1,
2024-12-19,339,2,
2024-12-19,340,0,
2024-12-19,341,0,
2024-12-19,342,1,
2024-12-19,343,1,
2024-12-19,344,0,
2024-12-19,345,2,
2024-12-19,346,1,
2024-12-19,347,4,
2024-12-19,348,1,
2024-12-19,349,0,
2024-12-19,350,1,
2024-12-19,351,0,
2024-12-19,352,1,
2024-12-19,353,2,
2024-12-19,354,3,
2024-12-19,355,1,
2024-12-19,356,2,
2024-12-19,357,2,
2024-12-19,358,3,
2024-12-19,359,3,
2024-12-19,360,3,
2024-12-19,361,7,
2024-12-19,362,5,
2024-12-19,363,11,
2024-12-19,364,5,
2024-12-19,365,9,
2024-12-19,366,9,
2024-12-19,367,10,
2024-12-19,368,8,
2024-12-19,369,13,
2024-12-19,370,9,
2024-12-19,371,12,
2024-12-19,372,8,
2024-12-20,337,1,
2024-12-20,338,1,
2024-12-20,339,2,
2024-12-20,340,0,
2024-12-20,341,0,
2024-12-20,342,1,
2024-12-20,343,1,
2024-12-20,344,0,
2024-12-20,345,2,
2024-12-20,346,2,
2024-12-20,347,4,
2024-12-20,348,1,
2024-12-20,349,0,
2024-12-20,350,1,
2024-12-20,351,0,
2024-12-20,352,1,
2024-12-20,353,2,
2024-12-20,354,3,
2024-12-20,355,2,
2024-12-20,356,2,
2024-12-20,357,2,
2024-12-20,358,3,
2024-12-20,359,3,
2024-12-20,360,3,
2024-12-20,361,7,
2024-12-20,362,5,
2024-12-20,363,11,
2024-12-20,364,5,
2024-12-20,365,9,
2024-12-20,366,10,
2024-12-20,367,10,
2024-12-20,368,8,
2024-12-20,369,13,
2024-12-20,370,9,
2024-12-20,371,12,
2024-12-20,372,8,
2024-12-23,337,1,
2024-12-23,338,1,
2024-12-23,339,2,
2024-12-23,340,0,
2024-12-23,341,1,
2024-12-23,342,1,
2024-12-23,343,1,
2024-12-23,344,0,
2024-12-23,345,2,
2024-12-23,346,2,
2024-12-23,347,4,
2024-12-23,348,1,
2024-12-23,349,1,
2024-12-23,350,1,
2024-12-23,351,0,
2024-12-23,352,1,
2024-12-23,353,2,
2024-12-23,354,3,
2024-12-23,355,2,
2024-12-23,356,2,
2024-12-23,357,2,
2024-12-23,358,3,
2024-12-23,359,3,
2024-12-23,360,4,
2024-12-23,361,7,
2024-12-23,362,5,
2024-12-23,363,11,
2024-12-23,364,5,
2024-12-23,365,9,
2024-12-23,366,10,
2024-12-23,367,10,
2024-12-23,368,8,
2024-12-23,369,13,
2024-12-23,370,9,
2024-12-23,371,12,
2024-12-23,372,8,